course,semester,subject,code,type,working_resources,dead_du_portal_resources
"Ability Enhancement Course","","Basic Bengali","2081001020","AEC","1","5"
"Ability Enhancement Course","","Basic Konkani","2081001026","AEC","1","0"
"Ability Enhancement Course","","Course A: Advance Ancient Indian Economy","2131002004","AEC","5","8"
"Ability Enhancement Course","","Course B: Intermediate Administrative Structure in Kauṭilya’s Arthaśāstra","2131002005","AEC","11","8"
"Ability Enhancement Course","","Course C: (Introductory) Culture and Society","2131002006","AEC","11","8"
"Ability Enhancement Course","","Environmental Science: Theory into Practice – I","2181001001","AEC","15","11"
"Ability Enhancement Course","","Environmental Science: Theory into Practice – II","2181002001","AEC","15","11"
"Ability Enhancement Course","","Intermediate Assamese","2081002031","AEC","1","6"
"Ability Enhancement Course","","Intermediate Konkani","2081002038","AEC","1","0"
"Ability Enhancement Course","","Intermediate Malayalam","2081002039","AEC","1","3"
"Ability Enhancement Course","","Intermediate Manipuri","2081002040","AEC","2","3"
"Ability Enhancement Course","","Intermediate Marathi","2081002041","AEC","1","3"
"Ability Enhancement Course","","Intermediate Telugu","2081002048","AEC","1","5"
"Ability Enhancement Course","","Journalistic Writing in Assamese","2081002001","AEC","1","7"
"Ability Enhancement Course","","Journalistic Writing in Bengali","2081002002","AEC","1","5"
"Ability Enhancement Course","","Journalistic Writing in Dogri","2081002004","AEC","1","0"
"Ability Enhancement Course","","Journalistic Writing in Konkani","2081002008","AEC","1","0"
"Ability Enhancement Course","","Journalistic Writing in Maithili","2081002012","AEC","1","0"
"Ability Enhancement Course","","Journalistic Writing in Malayalam","2081002009","AEC","2","3"
"Ability Enhancement Course","","Journalistic Writing in Manipuri","2081002010","AEC","2","3"
"Ability Enhancement Course","","Journalistic Writing in Santali","2081002015","AEC","1","0"
"Ability Enhancement Course","","Punjabi Bhasha ate Anuvad","2121002003","AEC","1","8"
"Ability Enhancement Course","","Punjabi Bhasha Ate Computer","2121002002","AEC","1","6"
"Ability Enhancement Course","","Punjabi Bhasha Ate Media","2121002001","AEC","1","9"
"Ability Enhancement Course","","Sanskrit A: Advance Neeti Literature in Sanskrit","2131001001","AEC","6","8"
"Ability Enhancement Course","","Sanskrit B: Introductory Upanishad and Geeta","2131001002","AEC","15","8"
"Ability Enhancement Course","","Sanskrit C: Introduction to Sanskrit Language","2131001003","AEC","10","6"
"Ability Enhancement Course","","Translation and Interpretation in Bengali","2081001002","AEC","2","6"
"Ability Enhancement Course","","Translation and Interpretation in Bodo","2081001003","AEC","1","3"
"Ability Enhancement Course","","Translation and Interpretation in Dogri","2081001004","AEC","1","0"
"Ability Enhancement Course","","Translation and Interpretation in Konkani","2081001008","AEC","1","0"
"Ability Enhancement Course","","Translation and Interpretation in Maithili","2081001012","AEC","1","0"
"Ability Enhancement Course","","Translation and Interpretation in Malayalam","2081001009","AEC","2","5"
"Ability Enhancement Course","","Translation and Interpretation in Santali","2081001015","AEC","1","0"
"Ability Enhancement Course","","Urdu-B","2141001002","AEC","1","6"
"Ability Enhancement Course","","Urdu-B","2141002002","AEC","1","10"
"Ability Enhancement Course","","Urdu-C","2141002003","AEC","1","9"
"Ability Enhancement Course","","अनिवार्य हिन्दी पाठ्यक्रम – 2","2051002005","AEC","1","6"
"Ability Enhancement Course","","जनसंचार और रचनात्मक लेखन (हिन्दी ख)","2051002002","AEC","14","10"
"Ability Enhancement Course","","विदेशी विद्यार्थियों के लिए पाठ्यक्रम","2051002004","AEC","2","7"
"Ability Enhancement Course","","व्यावहारिक हिन्दी (हिन्दी क)","2051002001","AEC","13","8"
"Ability Enhancement Course","","सोशल मीडिया और ब्लॉग लेखन (हिन्दी ग)","2051001003","AEC","12","8"
"Ability Enhancement Course","","हिन्दी औपचारिक लेखन (हिन्दी ख)","2051001002","AEC","14","10"
"Ability Enhancement Course","","हिन्दी भाषा: सम्प्रेषण और संचार (हिन्दी क)","2051001001","AEC","15","10"
"B. A Program Sociology","","Post Classical Sociological Thinkers","2302202401","DSC","1","6"
"B. A Program Sociology","","Research Methodology for Sociology","2303100012","DSE","1","7"
"B. A Program Sociology","","Sociological Research II","2302203601","DSC","1","5"
"B. A Program Sociology","","Sociology of India","2302201201","DSC","4","4"
"B. A Program Sociology","1","An Invitation to Sociology","2302201101","DSC","2","5"
"B. A Program Sociology","2","Religion and Society","2302201202","DSC","5","1"
"B. A Program Sociology","3","Classical Sociological Thinkers","2302202301","DSC","3","2"
"B. A Program Sociology","5","Investigating Inequalities","2302203502","DSC","1","0"
"B. A Program Sociology","5","Sociological Research I","2302203501","DSC","1","2"
"B. A Program Sociology","7","Reading Ethnography","2304000025","DSE","1","0"
"B. A Program Sociology","7","Sociology of Literature","2304000027","DSE","1","0"
"B. A Program Sociology","8","Sociology of Sports","2303100023","DSE","1","0"
"B. A. (Hons) English","","14th to 17th Century English Poetry","2032101201","DSC","6","4"
"B. A. (Hons) English","","16th and 17th Century English Drama","2032101202","DSC","7","4"
"B. A. (Hons) English","","18th Century Literature","2032101203","DSC","5","4"
"B. A. (Hons) English","","African Literature","2033100026","DSE","4","2"
"B. A. (Hons) English","","American Literature","2032102401","DSC","7","5"
"B. A. (Hons) English","","British Literature Post World War II","2033100018","DSE","9","6"
"B. A. (Hons) English","","Culture & Theory","2034001208","GE","4","10"
"B. A. (Hons) English","","Dystopian Writings","2034002003","GE","2","2"
"B. A. (Hons) English","","Genre Fiction","2033100025","DSE","3","2"
"B. A. (Hons) English","","Graphic Narratives","2033102013","DSE","2","1"
"B. A. (Hons) English","","Indian Classical Literature","2034001203","GE","11","12"
"B. A. (Hons) English","","Indian English Literatures","2034002006","GE","6","2"
"B. A. (Hons) English","","Indian Writing in English","2032102402","DSC","10","4"
"B. A. (Hons) English","","Indian Writing in English Translation","2032102403","DSC","4","3"
"B. A. (Hons) English","","Individual and Society","2034001210","GE","4","11"
"B. A. (Hons) English","","Language and Culture","2034002001","GE","1","2"
"B. A. (Hons) English","","Life & Literature","2034001209","GE","10","15"
"B. A. (Hons) English","","Literature & Human Rights","2034002004","GE","1","4"
"B. A. (Hons) English","","Literature and Cinema","2033102002","DSE","1","2"
"B. A. (Hons) English","","Literature and Disability","2032103602","DSC","2","4"
"B. A. (Hons) English","","Marginalities in Indian Writing","2034001202","GE","4","9"
"B. A. (Hons) English","","Modern European Drama","2032103601","DSC","5","3"
"B. A. (Hons) English","","Readings on Indian Diversities and Literary Movements","2034000012","GE","2","3"
"B. A. (Hons) English","","Research Methodology","2033100019","DSE","2","10"
"B. A. (Hons) English","","Speculative Fiction and Detective Fiction","2033100017","DSE","2","5"
"B. A. (Hons) English","","Travel Writing","2033100024","DSE","2","2"
"B. A. (Hons) English","","Twentieth Century Drama","2034001204","GE","5","9"
"B. A. (Hons) English","","Women’s Writing","2032103603","DSC","4","3"
"B. A. (Hons) English","","World Literatures","2033100010","DSE","1","5"
"B. A. (Hons) English","1","European Classical Literature","2032101102","DSC","5","2"
"B. A. (Hons) English","1","Indian Classical Literature","2032101103","DSC","8","2"
"B. A. (Hons) English","1","Introduction to Literary Studies","2032101101","DSC","6","3"
"B. A. (Hons) English","3","Literary Criticism","2032102303","DSC","4","0"
"B. A. (Hons) English","3","Literary Theory","2033102001","DSE","3","0"
"B. A. (Hons) English","3","Romantic Literature","2032102301","DSC","10","6"
"B. A. (Hons) English","3","Victorian Literature","2032102302","DSC","3","3"
"B. A. (Hons) English","4","Literature of the Indian Diaspora","2033102012","DSE","3","0"
"B. A. (Hons) English","5","Children’s Literature","2033100014","DSE","7","0"
"B. A. (Hons) English","5","Dalit Writings","2032103503","DSC","2","1"
"B. A. (Hons) English","5","Indian Partition Literature","2033100015","DSE","5","0"
"B. A. (Hons) English","5","Literature and Human Rights","2033100016","DSE","2","2"
"B. A. (Hons) English","5","Twentieth Century Novel","2032103502","DSC","1","1"
"B. A. (Hons) English","5","Twentieth Century Poetry and Drama","2032103501","DSC","5","2"
"B. A. (Hons) English","7","Contemporary South Asian Literature","2033100021","DSE","2","1"
"B. A. (Hons) English","7","Twentieth Century European Fiction","2033100022","DSE","2","1"
"B. A. (Hons) Journalism","","Advertising and Public Relations","2032181202","DSC","2","3"
"B. A. (Hons) Journalism","","Basics of Sports Journalism","2034001213","GE","2","9"
"B. A. (Hons) Journalism","","Broadcast Production","2032182403","DSC","2","3"
"B. A. (Hons) Journalism","","Conflict and War Reporting","2032182401","DSC","3","4"
"B. A. (Hons) Journalism","","Content and Brand Marketing","2034001217","GE","2","9"
"B. A. (Hons) Journalism","","Environmental Journalism","2033180023","DSE","1","2"
"B. A. (Hons) Journalism","","Film Appreciation & Criticism","2034001214","GE","4","9"
"B. A. (Hons) Journalism","","Integrated Marketing and Communication","2033182002","DSE","1","2"
"B. A. (Hons) Journalism","","Introduction to Cinema Studies","2032183602","DSC","2","2"
"B. A. (Hons) Journalism","","Law, Media and Society","2033180025","DSE","2","1"
"B. A. (Hons) Journalism","","Media and Audiences","2033182007/","DSE","1","0"
"B. A. (Hons) Journalism","","Media Indusry and Management","2032183603","DSC","2","2"
"B. A. (Hons) Journalism","","Multimedia Journalism","2032182402","DSC","2","2"
"B. A. (Hons) Journalism","","Photography and Digital Imaging","2033182005/","DSE","1","0"
"B. A. (Hons) Journalism","","Reporting and Editing for Print","2032181201","DSC","3","2"
"B. A. (Hons) Journalism","","Social Media and Communication","2032183601","DSC","1","2"
"B. A. (Hons) Journalism","","Social Media and Governance","2034001218","GE","2","8"
"B. A. (Hons) Journalism","","Video Production","2033180024","DSE","2","1"
"B. A. (Hons) Journalism","1","History of Media","2032181103","DSC","5","1"
"B. A. (Hons) Journalism","1","Introduction to Journalism","2032181101","DSC","4","2"
"B. A. (Hons) Journalism","1","Introduction to Media and Communication","2032181102","DSC","4","3"
"B. A. (Hons) Journalism","2","Introdcution to Broadcast Media","2032181203","DSC","1","1"
"B. A. (Hons) Journalism","3","Introduction to New Media","2032182302","DSC","4","1"
"B. A. (Hons) Journalism","3","Introduction to Photography","2032182303","DSC","3","0"
"B. A. (Hons) Journalism","3","Media and Cultural Studies","2032182301","DSC","2","1"
"B. A. (Hons) Journalism","5","Development Communication","2032183502","DSC","1","1"
"B. A. (Hons) Journalism","5","Global Media and Politics","2032183501","DSC","1","3"
"B. A. (Hons) Journalism","5","Media Ethics and the Law","2032183503","DSC","1","1"
"B. A. (Hons) Journalism","7","Investigative Journalism","2033180022","DSE","2","1"
"B. A. (Hons) Journalism","7","Media, Polity and Democracy","2033180021","DSE","1","1"
"B. A. (Hons) Journalism","7","Visual Communication","2033180020","DSE","2","1"
"B. A. (Prog) English","","16th & 17th Century English Drama","2032201201","DSC","3","7"
"B. A. (Prog) English","","Indian Classical Literature","2032201102","DSC","2","15"
"B. A. (Prog) English","","Indian Writing in English","2032202401","DSC","6","15"
"B. A. (Prog) English","","Indian Writing in English Translation","2032202402","DSC","3","5"
"B. A. (Prog) English","1","Introduction to Literary Studies","2032201101","DSC","5","6"
"B. A. (Prog) English","2","18th Century Literature","2032201202","DSC","3","3"
"B. A. (Prog) English","3","Literary Theory","2033102002","DSE","1","0"
"B. A. (Prog) English","3","Romantic Literature","2032102301","DSC","3","6"
"B. A. (Prog) English","4","Literature of the Indian Diaspora","2033102012","DSE","1","0"
"B. A. (Prog) English","5","Children’s Literature","2033100014","DSE","1","0"
"B. A. (Prog) English","5","Indian Partition Literature","2033100015","DSE","2","0"
"B. A. (Prog) English","5","Twentieth Century Novel","2032203501","DSC","1","3"
"B. Sc. (Hons) Anthropology","","Environment and Health","2154001206","GE","1","5"
"B. Sc. (Hons) Anthropology","3","Anthropology of Tourism","2153012002","DSE","1","0"
"B. Sc. (Hons) Anthropology","3","Environmental Anthropology","2153012004","DSE","1","0"
"B. Sc. (Hons) Anthropology","3","Forensic Anthropology","2153012003","DSE","1","0"
"B. Sc. (Hons) Anthropology","3","Fundamentals of Human growth and development","2152012301","DSC","1","0"
"B. Sc. (Hons) Anthropology","3","Indian Prehistory","2152012303","DSC","1","0"
"B. Sc. (Hons) Anthropology","3","Palaeoanthropology","2153012001","DSE","1","0"
"B. Sc. (Hons) Anthropology","5","Caste, Village and Cities in India","2152013503","DSC","1","0"
"B. Sc. (Hons) Anthropology","5","Religion and Economy","2152013502","DSC","1","0"
"B. Sc. (Hons) Anthropology","7","Anthropology of Development","2153010017","DSE","1","0"
"B. Sc. (Hons) Anthropology","7","Epidemiology and Public Health","2153010018","DSE","1","0"
"B. Sc. (Hons) Anthropology","7","Genetics of Health and Disease","2153010019","DSE","1","0"
"B. Sc. (Hons) Anthropology","7","Primate Behavior","2153010016","DSE","1","0"
"B. Sc. (Hons) Biochemistry","","Basics of Immunology","2492013602","DSC","1","2"
"B. Sc. (Hons) Biochemistry","","Biochemical Applications in Forensic Science","2493012002","DSE","1","0"
"B. Sc. (Hons) Biochemistry","","Cellular Communications","2494002004","GE","1","0"
"B. Sc. (Hons) Biochemistry","","Developmental Biology","2493010015","DSE","1","0"
"B. Sc. (Hons) Biochemistry","","Environmental Biochemistry","2493012001","DSE","1","0"
"B. Sc. (Hons) Biochemistry","","Enzymes","2492011201","DSC","4","1"
"B. Sc. (Hons) Biochemistry","","Fundamentals of Recombinant DNA Technology","2492013603","DSC","1","2"
"B. Sc. (Hons) Biochemistry","","Gene Organization, Replication and Repair","2492012403","DSC","2","3"
"B. Sc. (Hons) Biochemistry","","Hormones: Biochemistry and Function","2492012402","DSC","4","3"
"B. Sc. (Hons) Biochemistry","","Human Physiology","2492013601","DSC","3","3"
"B. Sc. (Hons) Biochemistry","","In-Silico Tools in Proteomics and Genomics","2493010008","DSE","1","2"
"B. Sc. (Hons) Biochemistry","","Metabolism of Amino Acids and Nucleotides","2492012401","DSC","2","3"
"B. Sc. (Hons) Biochemistry","","Metabolism of Carbohydrates","2492011202","DSC","5","3"
"B. Sc. (Hons) Biochemistry","","Microbiology","2493012003","DSE","3","0"
"B. Sc. (Hons) Biochemistry","","Molecular Basis of Infectious Diseases","2493010013","DSE","1","2"
"B. Sc. (Hons) Biochemistry","","Molecules of Life","2494001001","GE","3","5"
"B. Sc. (Hons) Biochemistry","","Nutrition Biochemistry","2493012005","DSE","2","3"
"B. Sc. (Hons) Biochemistry","","Proteins and Enzymes","2494001202/","GE","1","4"
"B. Sc. (Hons) Biochemistry","","Research Methodology (Mandatory)","2493010012","DSE","2","2"
"B. Sc. (Hons) Biochemistry","","Techniques in Biochemistry","2494001003/","GE","1","4"
"B. Sc. (Hons) Biochemistry","","Tools of Genetic Engineering","2494000023","GE","2","3"
"B. Sc. (Hons) Biochemistry","1","Biochemical Techniques","2492011103","DSC","5","2"
"B. Sc. (Hons) Biochemistry","1","Biomolecules","2492011101","DSC","2","2"
"B. Sc. (Hons) Biochemistry","1","Proteins","2492011102","DSC","2","3"
"B. Sc. (Hons) Biochemistry","2","Basic Concepts of Cell Biology","2492011203","DSC","4","1"
"B. Sc. (Hons) Biochemistry","3","Membrane Biology","2492012303","DSC","4","0"
"B. Sc. (Hons) Biochemistry","3","Metabolism of Lipids","2492012301","DSC","3","0"
"B. Sc. (Hons) Biochemistry","5","Concepts in Genetics and Evolution","2492013502","DSC","3","0"
"B. Sc. (Hons) Biochemistry","5","Gene Expression and Regulation","2492013503","DSC","3","0"
"B. Sc. (Hons) Biomedical","","Advanced Bioorganic Chemistry","3183010017","DSE","1","0"
"B. Sc. (Hons) Biomedical","","Advanced Cell Biology","3183010014","DSE","1","0"
"B. Sc. (Hons) Biomedical","","Advanced Techniques in Forensic Sciences","3183010018","DSE","1","0"
"B. Sc. (Hons) Biomedical","","Biophysics","3182013601","DSC","1","3"
"B. Sc. (Hons) Biomedical","","Concepts in Biotechnology","3184001001","GE","2","6"
"B. Sc. (Hons) Biomedical","","Concepts in Medicinal Chemistry","3184000015/3184000023","GE","1","0"
"B. Sc. (Hons) Biomedical","","Drug Design and Discovery","3183010009","DSE","1","1"
"B. Sc. (Hons) Biomedical","","Environment Sustainability and Biomedical Waste Management","3184000024","GE","1","0"
"B. Sc. (Hons) Biomedical","","Fundamentals of Neuroscience","3183010011","DSE","1","0"
"B. Sc. (Hons) Biomedical","","Green Chemistry Methods in Pharmaceutical and Industrial Applications","3183010012","DSE","1","0"
"B. Sc. (Hons) Biomedical","","Intellectual Property Rights for Biologists","3183010008","DSE","1","0"
"B. Sc. (Hons) Biomedical","","Medical Laboratory Technology","3183010010","DSE","1","0"
"B. Sc. (Hons) Biomedical","","Practices in Biosafety","3183012002","DSE","1","0"
"B. Sc. (Hons) Biomedical","","Proteins and Enzymes","3183012001","DSE","1","0"
"B. Sc. (Hons) Biomedical","","Social and Preventive Medicine","3183012003","DSE","3","0"
"B. Sc. (Hons) Biomedical","","Statistical Concepts in Biology","3184002006","GE","2","6"
"B. Sc. (Hons) Biomedical","","Toxicology","3182013603","DSC","1","2"
"B. Sc. (Hons) Biomedical","1","Bioorganic Chemistry","3182011101","DSC","2","2"
"B. Sc. (Hons) Biomedical","1","Cell Biology","3182011102","DSC","1","3"
"B. Sc. (Hons) Biomedical","1","Human Physiology and Anatomy I","3182011103","DSC","2","2"
"B. Sc. (Hons) Biomedical","3","Biostatistics","3182012303","DSC","3","0"
"B. Sc. (Hons) Biomedical","3","Medical Microbiology","3182012301","DSC","4","0"
"B. Sc. (Hons) Biomedical","3","Medicinal Chemistry","3182012302","DSC","2","1"
"B. Sc. (Hons) Biomedical","5","Genome Organization and Function","3182013501","DSC","1","2"
"B. Sc. (Hons) Biomedical","5","Human Pathology","3182013503","DSC","1","1"
"B. Sc. (Hons) Biomedical","5","Medical Biotechnology","3182013502","DSC","2","0"
"B. Sc. (Hons) Electronics","","Artificial Intelligence and Machine Learning","2514000012","GE","1","2"
"B. Sc. (Hons) Electronics","","Basic Instrumentation and Measurement Techniques","2512011201","DSC","2","1"
"B. Sc. (Hons) Electronics","","Data Visualization Techniques","2514001202","GE","1","3"
"B. Sc. (Hons) Electronics","","Digital Electronics","2512011202","DSC","2","3"
"B. Sc. (Hons) Electronics","","Digital Signal Processing","2512013601","DSC","1","3"
"B. Sc. (Hons) Electronics","","Digital Signal Processing","2384000019","GE","1","0"
"B. Sc. (Hons) Electronics","","Digital system design using VHDL","2384000017","GE","1","0"
"B. Sc. (Hons) Electronics","","Electrical Technology","2512012401","DSC","2","3"
"B. Sc. (Hons) Electronics","","Embedded Systems","2384000016","GE","1","0"
"B. Sc. (Hons) Electronics","","Internet of Things","2513012004","DSE","2","9"
"B. Sc. (Hons) Electronics","","Microcontroller System","2514000021","GE","1","0"
"B. Sc. (Hons) Electronics","","Microprocessor","2512012402","DSC","2","3"
"B. Sc. (Hons) Electronics","","Modelling and simulation","2514002002","GE","1","0"
"B. Sc. (Hons) Electronics","","Nanoelectronics","2384000024","GE","1","0"
"B. Sc. (Hons) Electronics","","Photonics","2512013602","DSC","1","2"
"B. Sc. (Hons) Electronics","","Process Control Systems","2384000020","GE","1","0"
"B. Sc. (Hons) Electronics","","Research Methodology","2513010016","DSE","1","5"
"B. Sc. (Hons) Electronics","","Semiconductor Device Technology","2512013603","DSC","1","2"
"B. Sc. (Hons) Electronics","","Semiconductor Devices","2384000015","GE","1","0"
"B. Sc. (Hons) Electronics","","VLSI: Technology and design","2384000018","GE","1","0"
"B. Sc. (Hons) Electronics","1","Programming Fundamentals Using Python","2512011101","DSC","2","2"
"B. Sc. (Hons) Electronics","1","Semiconductor Devices","2512011103","DSC","1","1"
"B. Sc. (Hons) Electronics","2","Analog Electronics-I","2512011203","DSC","2","1"
"B. Sc. (Hons) Electronics","3","Algorithm Design and Analysis","2513012002","DSE","1","0"
"B. Sc. (Hons) Electronics","3","Analog Electronics-II","2512012302","DSC","1","1"
"B. Sc. (Hons) Electronics","3","Artificial Intelligence and Machine Learning","2513012001","DSE","3","0"
"B. Sc. (Hons) Electronics","3","Engineering Mathematics","2512012301","DSC","3","0"
"B. Sc. (Hons) Electronics","3","Signal and Systems","2512012303","DSC","2","0"
"B. Sc. (Hons) Electronics","4","Principles of Communication Systems","2512012403","DSC","4","0"
"B. Sc. (Hons) Electronics","5","Basic VLSI Design","2512013503","DSC","1","1"
"B. Sc. (Hons) Electronics","5","Computer Networks","2513010007","DSE","1","1"
"B. Sc. (Hons) Electronics","5","Electromagnetics","2512013502","DSC","1","1"
"B. Sc. (Hons) Electronics","5","Embedded System","2512013501","DSC","1","2"
"B. Sc. (Hons) Electronics","5","Telecommunication Switching Systems and Networks","2513010009","DSE","1","1"
"B. Sc. (Hons) Electronics","6","Advance Computer system architecture","2513010014","DSE","1","0"
"B. Sc. (Hons) Electronics","8","CMOS Analog VLSI Design (ELEDSE8C)","2383010023","DSE","1","0"
"B. Sc. (Hons) Microbiology","3","Eukaryotic Microbes: Biology and Biotechnology","2533012001","DSE","1","0"
"B. Sc. (Hons) Microbiology","5","Basic Concepts of Immunology","2532012502","DSC","1","0"
"B. Sc. Life Science (Botany)","","Applied Phycology","2163012003","DSE","5","2"
"B. Sc. Life Science (Botany)","","Genetics and Molecular Biology (DSC-2, Botany-02)","2162521201","DSC","7","3"
"B. Sc. Life Science (Botany)","","Industrial and Environmental Microbiology","2163012004","DSE","2","2"
"B. Sc. Life Science (Botany)","","Recombinant DNA Technology and Proteomics","2163010007","DSE","1","4"
"B. Sc. Life Science (Botany)","","Research methodology","2163010009","DSE","4","5"
"B. Sc. Life Science (Botany)","1","Plant Diversity and Systematics (DSC-1, Botany-01)","2162521101","DSC","5","2"
"B. Sc. Life Science (Botany)","3","Biostatistics & Bioinformatics for Plant Sciences","2163012002","DSE","4","0"
"B. Sc. Life Science (Botany)","3","Evolutionary Biology of Plants","2163012001","DSE","3","0"
"B. Sc. Life Science (Botany)","3","Plant Cell and Developmental Biology (DSC","2162522301","DSC","5","0"
"B. Sc. Life Science (Botany)","4","Ecology and Evolution","2162512401","DSC","6","2"
"B. Sc. Life Science (Botany)","5","Natural Resource Management","2163013006","DSE","2","2"
"B. Sc. Life Science (Botany)","5","Plant Pathology","2163013005","DSE","3","1"
"B. Sc. Life Science (Botany)","5","Plant Physiology and Metabolism LS-BOT-DSC 05","2162523502","DSC","5","0"
"B. Sc. Life Science (Botany)","6","Economic Botany and Biotechnology DSC-16: Chemistry- 6","2162523601","DSC","2","1"
"B. Sc. Life Science (Botany)","7","Biodiversity Informatics","2163010010","DSE","6","1"
"B. Sc. Life Science (Botany)","7","Genomics, Proteomics and Bioinformatics","To","DSC","1","1"
"B. Sc. Life Science (Botany)","7","Plant Tissue Culture","2163010011","DSE","1","1"
"B. Sc. Life Science (Botany)","7","Reproductive Ecology","2163010012","DSE","3","1"
"B. Sc. Life Science (Chemistry)","","Chem-DSE-16: Reactive Intermediates of Organic Chemistry","2173010040","DSE","1","3"
"B. Sc. Life Science (Chemistry)","","Chem-DSE-20: Fundamentals of Medicinal Chemistry","2173550011","DSE","1","2"
"B. Sc. Life Science (Chemistry)","","Chem-DSE-4: Acids & Bases and Aqueous Chemistry of Metal Ions","2173522005","DSE","1","3"
"B. Sc. Life Science (Chemistry)","","Chem-DSE-5: Biomolecules-I","2173522006","DSE","5","3"
"B. Sc. Life Science (Chemistry)","","Chem-DSE-7: Analytical Methods in Chemistry","2173522008","DSE","1","6"
"B. Sc. Life Science (Chemistry)","","Chem-DSE-8: Biomolecules-II","2173522009","DSE","2","5"
"B. Sc. Life Science (Chemistry)","","Chemical Bonding and Elements in Biological System (DSC-4, Chemistry-02)","2172521201","DSC","6","1"
"B. Sc. Life Science (Chemistry)","","Chemistry of Carboxylic Acids & their Derivatives, Amines and Heterocycles (DSC-10, Chemistry-04)","2172512401","DSC","7","3"
"B. Sc. Life Science (Chemistry)","","Conductance, Electrochemistry and Chemical Kinetics (DSC-16, Chemistry-06)","2172523601","DSC","2","3"
"B. Sc. Life Science (Chemistry)","1","Basic Concepts of Organic Chemistry (DSC-1, Chemistry-01)","2172511101","DSC","8","2"
"B. Sc. Life Science (Chemistry)","3","Chem-DSE-1: Chemistry of Major and Minor Biogenic Elements","2173522001","DSE","2","0"
"B. Sc. Life Science (Chemistry)","3","Chem-DSE-2: Polynuclear Hydrocarbons, Pharmaceutical Compounds, UV- Visible & IR Spectroscopy","2173522002","DSE","3","1"
"B. Sc. Life Science (Chemistry)","3","Chemical Energetics and Equilibria (DSC-7, Chemistry-03)","2172512302","DSC","6","0"
"B. Sc. Life Science (Chemistry)","5","Chem-DSE-9: Computer Applications in Chemistry","2173522003","DSE","1","1"
"B. Sc. Life Science (Chemistry)","5","Coordination Chemistry and its Application in Biological Systems (DSC-13, Chemistry-05)","2172523501","DSC","3","3"
"B. Sc. Life Science (Chemistry)","6","Chem-DSE-12: Biophysical Chemistry","2173522012","DSE","1","0"
"B. Sc. Life Science (Chemistry)","7","Chemistry of d- and f-block elements, Advanced Organic Spectroscopy and Quantum Chemistry (DSC-19)","2172524701","DSC","1","0"
"B. Sc. Life Science (Zoology)","","Aquatic Biology","2233012001","DSE","1","3"
"B. Sc. Life Science (Zoology)","","Basics of Immunology","2232523601","DSC","7","2"
"B. Sc. Life Science (Zoology)","","Bioenergetics and Enzymology","2233012005","DSE","2","1"
"B. Sc. Life Science (Zoology)","","Comparative Physiology of Vertebrates","2232014801","DSC","1","1"
"B. Sc. Life Science (Zoology)","","Fundamentals of Human Physiology","2232522401","DSC","6","1"
"B. Sc. Life Science (Zoology)","","Human Endocrinology","2233010015","DSE","1","3"
"B. Sc. Life Science (Zoology)","","Parasitology","2233012008","DSE","4","2"
"B. Sc. Life Science (Zoology)","","Research Methodology for Zoology","2233010017","DSE","2","4"
"B. Sc. Life Science (Zoology)","1","Diversity of Animals","2232521101","DSC","6","1"
"B. Sc. Life Science (Zoology)","2","Cell and Developmental Biology of Animals","2232521201","DSC","6","1"
"B. Sc. Life Science (Zoology)","3","Agrochemicals & Pest Management","2233012002","DSE","2","0"
"B. Sc. Life Science (Zoology)","3","Biochemistry: Basic Concepts of Metabolism","2232522301","DSC","2","0"
"B. Sc. Life Science (Zoology)","3","Medical Zoology","2233012003","DSE","4","1"
"B. Sc. Life Science (Zoology)","3","Wildlife Conservation & Management","2233012004","DSE","7","1"
"B. Sc. Life Science (Zoology)","5","Basics of Neuroscience","2233010011","DSE","1","1"
"B. Sc. Life Science (Zoology)","5","Biology of Insecta","2233010012","DSE","1","1"
"B. Sc. Life Science (Zoology)","5","Evolutionary Ecology","2232523501","DSC","2","1"
"B. Sc. Life Science (Zoology)","5","Reproductive Biology and Assisted Reproductive Technology (ART)","2233010013","DSE","3","1"
"B. Sc. Life Science (Zoology)","7","Animal Models and Experimentation","2232014701","DSC","1","1"
"B. Sc. Life Science (Zoology)","7","Ichthyology","2233010019","DSE","1","1"
"B. Voc – Banking Operations","","Research Methodology","6203460022","DSE","1","0"
"B. Voc – Banking Operations","1","Business Organisation and Management","6202461102","DSC","1","0"
"B. Voc – Banking Operations","3","Commercial Banking for Business","6203462002","DSE","1","0"
"B. Voc – Banking Operations","3","Financial Services","6202462301","DSC","1","0"
"B. Voc – Banking Operations","3","Fundamental of Organizational Behavior and Management","6203462001","DSE","1","0"
"B. Voc – Banking Operations","3","Fundamentals of Insurance","6202462303","DSC","1","0"
"B. Voc – Banking Operations","4","Corporate Finance","6203452008","DSE","1","0"
"B. Voc – Banking Operations","4","Emerging Banking and Financial Services","6203452007","DSE","1","0"
"B. Voc – Banking Operations","5","Corporate Accounting","6202463502","DSC","1","0"
"B. Voc – Banking Operations","5","Customer Relationship Management","6203460012","DSE","1","0"
"B. Voc – Banking Operations","5","GST and Indirect Taxes","6203460013","DSE","1","0"
"B. Voc – Banking Operations","5","Life Insurance","6202463503","DSC","1","0"
"B. Voc – Banking Operations","6","Marketing and Personal selling","6203460015","DSE","1","0"
"B. Voc – Banking Operations","7","Behavioral Finance","6203460017","DSE","1","0"
"B. Voc – Banking Operations","7","Foundation of an Actuarial Analysis","6203460019","DSE","1","0"
"B. Voc – Banking Operations","7","Mutual Funds and Investment Banking","6203460020","DSE","1","0"
"B. Voc – Banking Operations","7","Retail Banking","6203460018","DSE","1","0"
"B. Voc – Banking Operations","7","Risk Management of Financial Institutions","6203460021","DSE","1","0"
"B. Voc – Banking Operations","7","Wealth Management","6203460016","DSE","1","0"
"B. Voc – Banking Operations","8","International Banking and Finance","6203460028","DSE","1","0"
"B. Voc – Banking Operations","8","Micro Finance and Rural Banking","6203460027","DSE","1","0"
"B. Voc – Banking Operations","8","Mutual Funds Management","6203460025","DSE","1","0"
"B. Voc – Banking Operations","8","Project Appraisal and Financing","6203460023","DSE","1","0"
"B. Voc – Healthcare Management","3","Healthcare Organization Operations","6323472001","DSE","1","0"
"B. Voc – Healthcare Management","3","Medical Software Applications-2","6322472303","DSC","1","0"
"B. Voc – Healthcare Management","4","HRM in Health Care","6323472004","DSE","1","0"
"B. Voc – Healthcare Management","5","General Safety Codes, Fire Safety & Disaster Management in Hospitals","6322473502","DSC","1","0"
"B. Voc – Healthcare Management","5","Hospital Infection Control","6322473503","DSC","1","0"
"B. Voc – Healthcare Management","5","Trends & Innovations in Healthcare","6323470007","DSE","1","0"
"B. Voc – Healthcare Management","7","Crisis Management in Healthcare","6323470011","DSE","1","0"
"B. Voc – Healthcare Management","7","Dynamics of Start-Up in Healthcare sector","6323470013","DSE","1","0"
"B. Voc – Healthcare Management","7","Patients Psychology and Behavior","6323470012","DSE","1","0"
"B. Voc – Healthcare Management","8","Developing Strategy in Healthcare","6323470009","DSE","1","0"
"B. Voc – Healthcare Management","8","Financial Management in Healthcare","6323472005","DSE","1","0"
"B. Voc – Healthcare Management","8","Materials Management in Healthcare","6323470006","DSE","1","0"
"B. Voc – Software Development","3","Data Structures","6202452301","DSC","2","0"
"B. Voc – Software Development","3","Discrete Structures","6203452002","DSE","1","0"
"B. Voc – Software Development","3","Operating Systems","6202452303","DSC","1","0"
"B. Voc – Software Development","3","Programming using R","6203452001","DSE","1","0"
"B. Voc – Software Development","4","Advance DBMS","6203452005","DSE","1","0"
"B. Voc – Software Development","4","Android Programming","6203452006","DSE","1","0"
"B. Voc – Software Development","4","Big Data","6203452004","DSE","1","0"
"B. Voc – Software Development","5","Design and Analysis of Algorithms","6203450011","DSE","1","0"
"B. Voc – Software Development","5","Full Stack Web Development -2","6202453502","DSC","1","0"
"B. Voc – Software Development","5","Minor Project-1","6202453503","DSC","1","0"
"B. Voc – Software Development","6","Internet of Things","6203450013","DSE","1","0"
"B. Voc – Software Development","6","Minor Project-2","6202453603","DSC","1","0"
"B. Voc – Software Development","6","Software Testing","6203450014","DSE","1","0"
"B. Voc – Software Development","7","Data Science and Analytics using Python","6203450016","DSE","1","0"
"B. Voc – Software Development","7","Organizational Behaviour","6203450017","DSE","1","0"
"B. Voc – Software Development","7","Robotics","6203450020","DSE","1","0"
"B. Voc – Software Development","7","Software Project Management","6203450018","DSE","1","0"
"B. Voc – Software Development","8","Blockchain and its Applications","6203450026","DSE","1","0"
"B. Voc – Software Development","8","Entrepreneurship","6203450023","DSE","1","0"
"B. Voc – Software Development","8","Optimization Techniques","6203450021","DSE","1","0"
"B. Voc – Software Development","8","Soft Computing","6203450022","DSE","1","0"
"B. Voc – Web Designing","","Advanced Compiler Design","6333490010","DSE","1","2"
"B. Voc – Web Designing","","Android Programming","6332493603","DSC","1","1"
"B. Voc – Web Designing","","Cloud Comuting Security","6333490011","DSE","1","2"
"B. Voc – Web Designing","","Data Mining","6333493001","DSE","1","1"
"B. Voc – Web Designing","","DBMS Using Mysql","6332492403","DSC","1","1"
"B. Voc – Web Designing","","E-Commerce","6332493602","DSC","2","2"
"B. Voc – Web Designing","","Foundations of Deep Learning","6333490012","DSE","1","2"
"B. Voc – Web Designing","","Information Security And Cyber Laws","6332493601","DSC","1","2"
"B. Voc – Web Designing","1","Computer Fundamentals","6332491101","DSC","2","1"
"B. Voc – Web Designing","1","Fundamentals Of Mathematics","6332491103","DSC","2","1"
"B. Voc – Web Designing","1","Object Oriented Programming With C++","6332491102","DSC","1","2"
"B. Voc – Web Designing","3","Cryptography","6333492001","DSE","1","0"
"B. Voc – Web Designing","3","Data Analysis Using Python","6332492303","DSC","1","0"
"B. Voc – Web Designing","3","Programming With Java","6332492302","DSC","1","0"
"B. Voc – Web Designing","4","Data Privacy","6333492003","DSE","1","0"
"B. Voc – Web Designing","4","Ethical Hacking","6333492004","DSE","1","0"
"B. Voc – Web Designing","5","Full Stack Web Development Ii","6332493501","DSC","1","2"
"B. Voc – Web Designing","5","Software Engineering","6332493502","DSC","1","0"
"B. Voc – Web Designing","5","WordPress & Framework","6332493503","DSC","1","0"
"B.A (Hons.) Applied Psychology","4","Disability and Rehabilitation","2114000024","GE","1","0"
"B.A (Hons.) Applied Psychology","7","Statistical Foundations for Psychological Research","2114000034","GE","1","0"
"B.A (hons) Italian","1","Italian Language in Context: Developing Listening and Speaking Skills (1)","2042131102","DSC","1","0"
"B.A (hons) Italian","2","Italian Language in Context: Developing Listening and Speaking Skills (2)","2042131202","DSC","1","0"
"B.A (hons) Italian","2","Italian Language in Context: Developing Reading and Writing Skills (2)","2042131201","DSC","1","0"
"B.A (hons) Italian","3","Engaging With Literary Texts (1)","2042132303","DSC","1","0"
"B.A (hons) Italian","3","Introduction to the History of Italy (1)","2043132001","DSE","1","0"
"B.A (hons) Italian","3","Language in Context: Intermediate Listening and Speaking Skills (1)","2042132302","DSC","1","0"
"B.A (hons) Italian","3","Language in Context: Intermediate Reading and Writing Skills (1)","2042132301","DSC","1","0"
"B.A (hons) Italian","4","Language in Context: Intermediate Listening and Speaking Skills (2)","2042132402","DSC","1","0"
"B.A (hons) Italian","5","Introduction to Translation","2043130017","DSE","1","0"
"B.A (hons) Italian","5","Language in Context: Advanced Listening and Speaking Skills (1)","2042133502","DSC","1","0"
"B.A (hons) Italian","6","Language in Context: Advanced Listening and Speaking Skills (2)","2042133602","DSC","1","0"
"B.A (hons) Italian","7","Cultural History of Italy-1","2043130035","DSE","1","0"
"B.A (hons) Italian","7","Introduction to Literary Translation","2043130032","DSE","1","0"
"B.A (hons) Socialogy","","Research Methodology for Sociology","2303100012","DSE","1","7"
"B.A (hons) Socialogy","","Social Stratification","2302101202","DSC","2","3"
"B.A (hons) Socialogy","","Sociological Thinkers I","2302102401","DSC","4","4"
"B.A (hons) Socialogy","3","Political Sociology","2302102302","DSC","1","1"
"B.A (hons) Socialogy","7","Reading Ethnography","2304000025","DSE","1","0"
"B.A (hons) Socialogy","7","Sociology of Literature","2304000027","DSE","1","0"
"B.A (hons) Socialogy","8","Sociology of Sports","2303100023","DSE","1","0"
"B.A (Prog.) Economics as Major","","Advanced Econometrics","2273100008","DSE","1","3"
"B.A (Prog.) Economics as Major","","Basic Development Economics","2274002002","GE","2","3"
"B.A (Prog.) Economics as Major","","Basic Econometrics","2272202402","DSC","3","3"
"B.A (Prog.) Economics as Major","","Basic Econometrics","2274000014","GE","1","6"
"B.A (Prog.) Economics as Major","","Basic Environmental Economics","2274000018","GE","2","6"
"B.A (Prog.) Economics as Major","","Basic Statistics for Economics","2272201202","DSC","4","5"
"B.A (Prog.) Economics as Major","","Basic Statistics for Economics","2274001202","GE","1","7"
"B.A (Prog.) Economics as Major","","Behavioural Economics","2273100020","DSE","1","8"
"B.A (Prog.) Economics as Major","","Corporate Finance and Governance","2273100022","DSE","1","0"
"B.A (Prog.) Economics as Major","","Development Theory and Experience","2272204801","DSC","2","1"
"B.A (Prog.) Economics as Major","","Digitalisation and Development","2274002006","GE","2","3"
"B.A (Prog.) Economics as Major","","Economic History of India","2273102001","DSE","1","2"
"B.A (Prog.) Economics as Major","","Economics of Climate Change and Natural Resources","2273102002","DSE","1","1"
"B.A (Prog.) Economics as Major","","Economy of Colonial India","2274000017","GE","1","6"
"B.A (Prog.) Economics as Major","","Environmental Economics","2273100010","DSE","4","1"
"B.A (Prog.) Economics as Major","","Financial Economics","2273102005","DSE","1","7"
"B.A (Prog.) Economics as Major","","Fiscal Policy and Public Finance in India","2273102003","DSE","5","1"
"B.A (Prog.) Economics as Major","","Forecasting Methods for Economics","2273100024","DSE","1","5"
"B.A (Prog.) Economics as Major","","Gender and Development","2273100011","DSE","1","0"
"B.A (Prog.) Economics as Major","","Health and Development","2274000021","GE","2","6"
"B.A (Prog.) Economics as Major","","Indian Economy","2274001203","GE","12","9"
"B.A (Prog.) Economics as Major","","Indian Growth and Development","2272203601","DSC","5","8"
"B.A (Prog.) Economics as Major","","Intermediate Macroeconomics I: Foundations of Aggregate Income Determination","2272202401","DSC","7","13"
"B.A (Prog.) Economics as Major","","Intermediate Macroeconomics II: Policy Issues","2272203602","DSC","4","6"
"B.A (Prog.) Economics as Major","","Introduction to Macroeconomic Dynamics","2273100028","DSE","1","0"
"B.A (Prog.) Economics as Major","","Introductory Macroeconomics","2272201201","DSC","14","5"
"B.A (Prog.) Economics as Major","","Labour Economics","2273100029","DSE","2","5"
"B.A (Prog.) Economics as Major","","Money and Banking","2274002005","GE","7","7"
"B.A (Prog.) Economics as Major","","Money and Financial Markets","2273102006","DSE","7","9"
"B.A (Prog.) Economics as Major","","Principles of Macroeconomics I","2274001201","GE","9","17"
"B.A (Prog.) Economics as Major","","Principles of Macroeconomics II","2274000024","GE","7","7"
"B.A (Prog.) Economics as Major","","Principles of Microeconomics I","2274002001","GE","4","3"
"B.A (Prog.) Economics as Major","","Principles of Microeconomics II","2274002010","GE","2","5"
"B.A (Prog.) Economics as Major","","Public Economics","2273100015","DSE","5","2"
"B.A (Prog.) Economics as Major","","Public Finance in India","2274000020","GE","2","8"
"B.A (Prog.) Economics as Major","","Research Methodology for Economics","2273100019","DSE","5","11"
"B.A (Prog.) Economics as Major","","Sectoral Issue in Indian Economy","2273100030","DSE","3","8"
"B.A (Prog.) Economics as Major","","Sectoral Issue in Indian Economy","2274000015","GE","2","7"
"B.A (Prog.) Economics as Major","","Theory Public of Finance","2274002004","GE","1","3"
"B.A (Prog.) Economics as Major","1","Basic Mathematics for Economic Analysis","2272201102","DSC","7","1"
"B.A (Prog.) Economics as Major","1","Introductory Microeconomics","2272201101","DSC","11","5"
"B.A (Prog.) Economics as Major","3","Intermediate Microeconomics I: Behavioural Foundations of Market Interactions","2272202301","DSC","8","4"
"B.A (Prog.) Economics as Major","3","Optimization Methods for Economic Analysis","2272202302","DSC","4","1"
"B.A (Prog.) Economics as Major","5","Intermediate Microeconomics II: Market, Government and Welfare","2272203502","DSC","1","3"
"B.A (Prog.) Economics as Major","5","Introductory Development Economics","2272203501","DSC","5","3"
"B.A (Prog.) Economics as Minor","","Basic Econometrics","2274000014","GE","1","6"
"B.A (Prog.) Economics as Minor","","Basic Environmental Economics","2274000018","GE","2","6"
"B.A (Prog.) Economics as Minor","","Corporate Finance and Governance","2273100022","DSE","1","0"
"B.A (Prog.) Economics as Minor","","Economics of Climate Change and Natural Resources","2273102002","DSE","1","1"
"B.A (Prog.) Economics as Minor","","Economy of Colonial India","2274000017","GE","1","6"
"B.A (Prog.) Economics as Minor","","Fiscal Policy and Public Finance in India","2273102003","DSE","3","1"
"B.A (Prog.) Economics as Minor","","Gender and Development","2273100011","DSE","1","0"
"B.A (Prog.) Economics as Minor","","Indian Growth and Development","2272203601","DSC","1","8"
"B.A (Prog.) Economics as Minor","","Intermediate Macroeconomics I: Foundations of Aggregate Income Determination","2272202401","DSC","1","13"
"B.A (Prog.) Economics as Minor","","Introduction to Macroeconomic Dynamics","2273100028","DSE","1","0"
"B.A (Prog.) Economics as Minor","","Introductory Macroeconomics","2272201201","DSC","1","5"
"B.A (Prog.) Economics as Minor","","Principles of Macroeconomics I","2274001201","GE","4","17"
"B.A (Prog.) Economics as Minor","","Principles of Macroeconomics II","2274000024","GE","1","7"
"B.A (Prog.) Economics as Minor","","Public Economics","2273100015","DSE","1","2"
"B.A (Prog.) Economics as Minor","","Public Finance in India","2274000020","GE","1","8"
"B.A (Prog.) Economics as Minor","","Research Methodology for Economics","2273100019","DSE","2","11"
"B.A (Prog.) Economics as Minor","","Sectoral Issue in Indian Economy","2274000015","GE","1","7"
"B.A (Prog.) Economics as Minor","1","Introductory Microeconomics","2272201101","DSC","2","5"
"B.A (Prog.) Economics as Minor","3","Intermediate Microeconomics I: Behavioural foundations of Market Interactions","2272202301","DSC","1","4"
"B.A (Prog.) Economics as Minor","5","Introductory Development Economics","2272203501","DSC","1","3"
"B.A (Prog.) Education as Major","","Classics in Education","2432204801","DSC","1","1"
"B.A (Prog.) Education as Major","","Human Rights Education","2433200009","DSE","1","0"
"B.A (Prog.) Education as Major","5","Science Education","2433200002","DSE","1","0"
"B.A (Prog.) Education as Major","5","Social Science Education","2433200001","DSE","1","0"
"B.A (Prog.) Education as Major","6","Early Childhood Education","2433200005","DSE","1","0"
"B.A (Prog.) Education as Major","6","EDUCATION IN MULTICULTRAL SOCIETY","2432200002","GE","1","0"
"B.A (Prog.) Education as Major","6","Higher Education in India","2433200008","DSE","1","0"
"B.A (Prog.) Education as Major","7","Comparative Education","2433200010","DSE","1","0"
"B.A (Prog.) Education as Major","7","Curriculum Studies","2434200003","GE","1","0"
"B.A (Prog.) Education as Major","7","Disability Studies","2433200012","DSE","1","0"
"B.A (Prog.) Education as Major","7","Gender, School, and Society","2434200004","GE","1","0"
"B.A (Prog.) Education as Major","7","SCHOOLING, EDUCATION AND MARGINALIZATION","2433200013","DSE","1","0"
"B.A (Prog.) Education as Major","8","Diversity and Inclusion: A Critical Perspective","2434200005","GE","1","0"
"B.A (Prog.) Education as Major","8","Foundation of Reading and Writing","2433200018","DSE","1","0"
"B.A (Prog.) Education as Major","8","Learning, Cognition, and Culture","2434200006","GE","1","0"
"B.A (Prog.) Education as Major","8","Social Theory of Education","2433200017","DSE","1","0"
"B.A (Prog.) Education as Minor","","Human Rights Education","2433200009","DSE","1","0"
"B.A (Prog.) Education as Minor","5","Science Education","2433200002","DSE","1","0"
"B.A (Prog.) Education as Minor","5","Social Science Education","2433200001","DSE","1","0"
"B.A (Prog.) Education as Minor","6","Early Childhood Education","2433200005","DSE","1","0"
"B.A (Prog.) Education as Minor","6","EDUCATION IN MULTICULTRAL SOCIETY","2432200002","GE","1","0"
"B.A (Prog.) Education as Minor","6","Higher Education in India","2433200008","DSE","1","0"
"B.A (Prog.) Education as Minor","7","Comparative Education","2433200010","DSE","1","0"
"B.A (Prog.) Education as Minor","7","Curriculum Studies","2434200003","GE","1","0"
"B.A (Prog.) Education as Minor","7","Disability Studies","2433200012","DSE","1","0"
"B.A (Prog.) Education as Minor","7","Gender, School, and Society","2434200004","GE","1","0"
"B.A (Prog.) Education as Minor","7","SCHOOLING, EDUCATION AND MARGINALIZATION","2433200013","DSE","1","0"
"B.A (Prog.) Education as Minor","8","Diversity and Inclusion: A Critical Perspective","2434200005","GE","1","0"
"B.A (Prog.) Education as Minor","8","Foundation of Reading and Writing","2433200018","DSE","1","0"
"B.A (Prog.) Education as Minor","8","Learning, Cognition, and Culture","2434200006","GE","1","0"
"B.A (Prog.) Education as Minor","8","Social Theory of Education","2433200017","DSE","1","0"
"B.A (Prog.) History as Major","","Basics of Historical Research Methodology","2313100014","DSE","7","9"
"B.A (Prog.) History as Major","","Cultural Transformations in Early Modern Europe – II","2312202402","DSC","4","4"
"B.A (Prog.) History as Major","","History of Europe: 1870 – 1945","2312203602","DSC","3","5"
"B.A (Prog.) History as Major","","History of India 1858 – 1947","2312203601","DSC","5","8"
"B.A (Prog.) History as Major","","History of India c.1550 – 1700","2312202401","DSC","14","13"
"B.A (Prog.) History as Major","","Methods of Studying Archival and Literary Sources","2313200028","DSE","1","2"
"B.A (Prog.) History as Major","","Methods of Studying Material Cultures","2313200027","DSE","1","2"
"B.A (Prog.) History as Major","","Perspectives on South Indian Past II: Vijayanagara","2313200023","DSE","1","2"
"B.A (Prog.) History as Major","","Reconstructing the Past","2312204801","DSC","1","1"
"B.A (Prog.) History as Major","","Social History of Education in India","2313200029","DSE","1","2"
"B.A (Prog.) History as Major","","Travel in History: Trade, Politics and Society","2313200017","DSE","1","2"
"B.A (Prog.) History as Major","1","Ancient Societies","2312201102","DSC","6","1"
"B.A (Prog.) History as Major","1","History of India from earliest times upto c. 300 CE","2312201101","DSC","11","8"
"B.A (Prog.) History as Major","2","History of India, 300 CE to 1200 CE","2312201201","DSC","13","5"
"B.A (Prog.) History as Major","2","Medieval Societies: Global Perspectives","2312201202","DSC","6","4"
"B.A (Prog.) History as Major","3","Cultural Transformations in Early Modern Europe-I","2312202302","DSC","5","2"
"B.A (Prog.) History as Major","3","History of India, 1200 – 1550","2312202301","DSC","26","4"
"B.A (Prog.) History as Major","5","History of Europe: 1789-1870","2312203502","DSC","1","3"
"B.A (Prog.) History as Major","5","History of India 1700 – 1857","2312203501","DSC","5","3"
"B.A (Prog.) History as Major","5","Merchant and Mercantile Practices in India","2313200005","DSE","1","0"
"B.A (Prog.) History as Major","5","Prehistory and Protohistory of India","2313200007","DSE","1","3"
"B.A (Prog.) History as Major","5","Urbanisation and Urbanism in India","2313200006","DSE","3","0"
"B.A (Prog.) History as Major","7","Contemporary India (1950 – 1990s)","2312204701","DSC","1","1"
"B.A (Prog.) History as Major","7","Cultural Transactions between India and the World","2313200020","DSE","1","2"
"B.A (Prog.) History as Major","7","Histories of Regional Literature","2313200022","DSE","1","2"
"B.A (Prog.) History as Minor","","Basics of Historical Research Methodology","2313100014","DSE","2","9"
"B.A (Prog.) History as Minor","","History of India 1858 – 1947","2312203601","DSC","2","8"
"B.A (Prog.) History as Minor","","History of India c.1550 – 1700","2312202401","DSC","4","13"
"B.A (Prog.) History as Minor","1","History of India from earliest times upto c. 300 CE","2312201101","DSC","2","8"
"B.A (Prog.) History as Minor","2","History of India, 300 CE to 1200 CE","2312201201","DSC","4","5"
"B.A (Prog.) History as Minor","3","History of India, 1200 – 1550","2312202301","DSC","3","4"
"B.A (Prog.) History as Minor","5","History of India 1700 – 1857","2312203501","DSC","1","3"
"B.A (Prog.) History as Minor","5","Merchant and Mercantile Practices in India","2313200005","DSE","1","0"
"B.A (Prog.) History as Minor","5","Urbanisation and Urbanism in India","2313200006","DSE","1","0"
"B.A (Prog.) Psychology as Major","","Disability and Rehabilitation","2114000024","GE","1","0"
"B.A (Prog.) Psychology as Major","5","Diversity and Inclusion in Institutions","2113200002","DSE","1","0"
"B.A (Prog.) Psychology as Major","7","Development of Indian Psychological Thought","2113200007","DSE","1","0"
"B.A (Prog.) Psychology as Major","7","Statistical Foundations for Psychological Research","2114000034","GE","1","0"
"B.A (Prog.) Psychology as Minor","","Disability and Rehabilitation","2114000024","GE","1","0"
"B.A (Prog.) Psychology as Minor","5","Diversity and Inclusion in Institutions","2113200002","DSE","1","0"
"B.A (Prog.) Psychology as Minor","7","Development of Indian Psychological Thought","2113200007","DSE","1","0"
"B.A (Prog.) Psychology as Minor","7","Statistical Foundations for Psychological Research","2114000034","GE","1","0"
"B.A (Prog.) Punjabi as Major","","Haas Ras da Punjabi Sahit","2123102005","DSE","1","0"
"B.A (Prog.) Punjabi as Major","","Punjabi Bhasha Da Mudhla Padhar","2125001002","GE","1","7"
"B.A (Prog.) Punjabi as Major","3","Bhagati Kaav","2122202302","DSC","1","0"
"B.A (Prog.) Punjabi as Minor","","Haas Ras da Punjabi Sahit","2123102005","DSE","1","0"
"B.A. (Hons.) Bengali","","PRACHIN O MADHYAJUGER SAHITYA","2082101202","DSC","1","3"
"B.A. (Hons.) Bengali","2","BANGLA CHOTOGALPO","2082101203","DSC","1","1"
"B.A. (Hons.) Bengali","3","Bangla Janapriya Sahitya – 1","2083102001","DSE","1","0"
"B.A. (Hons.) Bengali","3","BANGLA SAHITYER ITIHAS: ADHUNIK JUG- I","2082102302","DSC","1","1"
"B.A. (Hons.) Bengali","3","Bangladesher Sahitya – 1","2083102002","DSE","1","0"
"B.A. (Hons.) Bengali","3","OITIHASIK BHASABIGYAN","2082102301","DSC","1","0"
"B.A. (Hons.) Bengali","3","RABINDRASAHITYA-1","2082102303","DSC","1","0"
"B.A. (Hons.) Bengali","4","Loksahitya","2083102004","DSE","1","0"
"B.A. (Hons.) Bengali","5","Biswasahitya – 1","2083100005","DSE","1","0"
"B.A. (Hons.) Bengali","6","Research Methodology/ Gabeshona Poddhoti","2083100010","DSE","1","0"
"B.A. (Hons.) Bengali","7","Dalit sahitya","2083100011","DSE","1","0"
"B.A. (Hons.) Business Economics (BBE)","","Advertising Management","2923100011","DSE","1","5"
"B.A. (Hons.) Business Economics (BBE)","","Applied Econometrics","241167740007","DSE","1","2"
"B.A. (Hons.) Business Economics (BBE)","","Business Legislation in India","2922103602","DSC","1","2"
"B.A. (Hons.) Business Economics (BBE)","","Entrepreneurship","2929104802","DSE","1","1"
"B.A. (Hons.) Business Economics (BBE)","","Environmental Economics","2922103603","DSC","1","2"
"B.A. (Hons.) Business Economics (BBE)","","Financial Institutions and Markets","2922101202","DSC","4","3"
"B.A. (Hons.) Business Economics (BBE)","","Macroeconomics – I","2922101201","DSC","4","2"
"B.A. (Hons.) Business Economics (BBE)","","Macroeconomics – II","2922102401","DSC","5","4"
"B.A. (Hons.) Business Economics (BBE)","","Marketing Management","2922102403","DSC","4","2"
"B.A. (Hons.) Business Economics (BBE)","","Operations Research","2922103601","DSC","1","2"
"B.A. (Hons.) Business Economics (BBE)","","Principles of Macroeconomics","2274001201","GE","9","17"
"B.A. (Hons.) Business Economics (BBE)","","Public Finance","2923100010","DSE","3","2"
"B.A. (Hons.) Business Economics (BBE)","","Research Methodology","2923100015","DSE","4","3"
"B.A. (Hons.) Business Economics (BBE)","","Statistics for Business","2924001202","GE","3","4"
"B.A. (Hons.) Business Economics (BBE)","","Statistics for Business Economics – II","2922102402","DSC","1","2"
"B.A. (Hons.) Business Economics (BBE)","2","Statistics for Business Economics – I","2922101203","DSC","6","1"
"B.A. (Hons.) Economics","","Basic Econometrics","2274000014","GE","1","6"
"B.A. (Hons.) Economics","","Basic Environmental Economics","2274000018","GE","2","6"
"B.A. (Hons.) Economics","","Corporate Finance and Governance","2273100022","DSE","1","0"
"B.A. (Hons.) Economics","","Development Theory and Experience","2272103602","DSC","2","2"
"B.A. (Hons.) Economics","","Economics of Climate Change and Natural Resources","2273102002","DSE","1","1"
"B.A. (Hons.) Economics","","Economy of Colonial India","2274000017","GE","1","6"
"B.A. (Hons.) Economics","","Fiscal Policy and Public Finance in India","2273102003","DSE","3","1"
"B.A. (Hons.) Economics","","Gender and Development","2273100011","DSE","1","0"
"B.A. (Hons.) Economics","","Indian Growth and Development","2272103603","DSC","3","2"
"B.A. (Hons.) Economics","","Intermediate Macroeconomics II: Policy Issues","2272102402","DSC","3","3"
"B.A. (Hons.) Economics","","Intermediate Mathematical Methods for Economics","2272101202","DSC","5","5"
"B.A. (Hons.) Economics","","Intermediate Microeconomics II: Market, Government and Welfare","2272102401","DSC","3","4"
"B.A. (Hons.) Economics","","Intermediate Statistics for Economics","2272101203","DSC","9","3"
"B.A. (Hons.) Economics","","International Trade","2272103601","DSC","4","2"
"B.A. (Hons.) Economics","","Introduction to Macroeconomic Dynamics","2273100028","DSE","1","0"
"B.A. (Hons.) Economics","","Introductory Econometrics","2272102403","DSC","6","3"
"B.A. (Hons.) Economics","","Introductory Macroeconomics","2272101201","DSC","4","6"
"B.A. (Hons.) Economics","","Principles of Macroeconomics I","2274001201","GE","4","17"
"B.A. (Hons.) Economics","","Principles of Macroeconomics II","2274000024","GE","1","7"
"B.A. (Hons.) Economics","","Public Economics","2273100015","DSE","1","2"
"B.A. (Hons.) Economics","","Public Finance in India","2274000020","GE","1","8"
"B.A. (Hons.) Economics","","Research Methodology for Economics","2273100019","DSE","2","11"
"B.A. (Hons.) Economics","","Sectoral Issue in Indian Economy","2274000015","GE","1","7"
"B.A. (Hons.) Economics","1","Introductory Mathematical Methods for Economics","2272101102","DSC","4","3"
"B.A. (Hons.) Economics","1","Introductory Microeconomics","2272101101","DSC","6","4"
"B.A. (Hons.) Economics","1","Introductory Statistics for Economics","2272101103","DSC","7","1"
"B.A. (Hons.) Economics","3","Advanced Mathematical Methods for Economics","2272102303","DSC","7","0"
"B.A. (Hons.) Economics","3","Intermediate Macroeconomics I: Foundations of Aggregate Income Determination","2272102302","DSC","2","2"
"B.A. (Hons.) Economics","3","Intermediate Microeconomics I: Behavioural foundations of Market Interactions","2272102301","DSC","5","2"
"B.A. (Hons.) Economics","5","Economic Growth and Business Cycles","2272103502","DSC","2","1"
"B.A. (Hons.) Economics","5","Game Theory and Strategic Interactions","2272103501","DSC","2","2"
"B.A. (Hons.) Economics","5","Introductory Development Economics","2272103503","DSC","2","3"
"B.A. (Hons.) French","","Children and Adolescent Literature","2043100020","DSE","1","0"
"B.A. (Hons.) French","","Debating and Presentation Techniques","2043122004","DSE","1","0"
"B.A. (Hons.) French","","French for Specific Purposes","2043100040","DSE","1","0"
"B.A. (Hons.) French","","Introduction to Content Writing","2043100051","DSE","1","0"
"B.A. (Hons.) French","","Introduction to the History of France and the Francophone World (2)","2043102002","DSE","2","0"
"B.A. (Hons.) French","","Life in French speaking countries","2043102005","DSE","1","0"
"B.A. (Hons.) French","","Research Methodology and Academic Writing","2043100022","DSE","1","0"
"B.A. (Hons.) French","","Study of European Art","2043100019","DSE","1","0"
"B.A. (Hons.) French","","Studying Different Text Types","2043102001","DSE","1","0"
"B.A. (Hons.) French","1","Basic Communicative French (1)","2044001001","GE","1","0"
"B.A. (Hons.) French","2","Language in Context: Developing Listening and Speaking Skills (2)","2042101202","DSC","1","0"
"B.A. (Hons.) French","3","Engaging With Literary Texts (1)","2042102303","DSC","1","0"
"B.A. (Hons.) French","3","Intermediate Communicative French (1)","2044002001","GE","1","0"
"B.A. (Hons.) French","3","Language in Context: Intermediate Listening and Speaking Skills (1)","2042102302","DSC","1","0"
"B.A. (Hons.) French","4","Language in Context: Intermediate Listening and Speaking Skills (2)","2042102402","DSC","1","0"
"B.A. (Hons.) French","5","Language in Context: Advanced Listening and Speaking Skills (1)","2042103502","DSC","1","0"
"B.A. (Hons.) French","6","History of French and Francophone Literature (2)","2042103603","DSC","1","0"
"B.A. (Hons.) French","6","Language in Context: Advanced Listening and Speaking Skills (2)","2042103602","DSC","1","0"
"B.A. (Hons.) French","7","Advanced Study of the Language","2043100030","DSE","1","0"
"B.A. (Hons.) French","7","Cultural History of French and Francophone Countries-1","2043100035","DSE","1","0"
"B.A. (Hons.) French","7","History of 19th Century Literature","2043100039","DSE","1","0"
"B.A. (Hons.) French","7","Introduction to Linguistics","2043100034","DSE","1","0"
"B.A. (Hons.) French","7","Introduction to Literary Translation","2043100032","DSE","1","0"
"B.A. (Hons.) French","7","Introduction to the Methodology of Teaching a Foreign Language","2043100033","DSE","1","0"
"B.A. (Hons.) French","7","Language of the Media","2034100036","DSE","1","0"
"B.A. (Hons.) French","7","Rhetoric and Composition","2043100041","DSE","1","0"
"B.A. (Hons.) French","7","Study of a Genre: Poetry","2043100042","DSE","1","0"
"B.A. (Hons.) French","7","Understanding Contemporary Europe","2043100038","DSE","1","0"
"B.A. (Hons.) French","8","Critical Issues in Literature","2043100047","DSE","1","0"
"B.A. (Hons.) French","8","Cultural History-2","2043100046","DSE","1","0"
"B.A. (Hons.) French","8","History of 20th Century Literature","2043100049","DSE","1","0"
"B.A. (Hons.) French","8","Introduction to Comparative Literature","2043100050","DSE","1","0"
"B.A. (Hons.) French","8","Language of the Arts","2043100048","DSE","1","0"
"B.A. (Hons.) French","8","Literary Translation: Theory and Practice","2043100044","DSE","1","0"
"B.A. (Hons.) French","8","Methodology of Teaching a Foreign Language: Theory and Practice","2043100045","DSE","1","0"
"B.A. (Hons.) French","8","Study of a Genre: Novel","2043100043","DSE","1","0"
"B.A. (Hons.) French","8","Study of a Genre: Theatre","2043100031","DSE","1","0"
"B.A. (Hons.) French","8","Study of an Author","2043100037","DSE","1","0"
"B.A. (Hons.) Hindi Patrakarita evam Jansanchar","3","कंप्यूटर तकनीक एप्लीकेशन एवं मीडिया","2053152003","DSE","1","0"
"B.A. (Hons.) Hindi Patrakarita evam Jansanchar","3","क्षेत्रीय पत्रकारिता","2053152001","DSE","1","0"
"B.A. (Hons.) Hindi Patrakarita evam Jansanchar","3","पर्यावरण पत्रकारिता","2053152002","DSE","1","0"
"B.A. (Hons.) Hindi Patrakarita evam Jansanchar","3","माध्यम् कानून और आचार सहिंता","2052152301","DSC","1","0"
"B.A. (Hons.) Hindi Patrakarita evam Jansanchar","3","रेडियो","2052152303","DSC","1","0"
"B.A. (Hons.) Hindi Patrakarita evam Jansanchar","4","जीवनशैली पत्रकारिता","2053152005","DSE","1","0"
"B.A. (Hons.) Hindi Patrakarita evam Jansanchar","4","नागरिक पत्रकारिता","2053152004","DSE","1","0"
"B.A. (Hons.) Hindi Patrakarita evam Jansanchar","4","पॉडकास्ट निर्माण","2053152006","DSE","1","0"
"B.A. (Hons.) Hindi Patrakarita evam Jansanchar","5","खोजी पत्रकारिता","2053150008","DSE","1","0"
"B.A. (Hons.) Hindi Patrakarita evam Jansanchar","5","जनमाध्यम के सिद्धांत","2052153501","DSC","1","2"
"B.A. (Hons.) Hindi Patrakarita evam Jansanchar","5","हिंदी सिनेमा","2053150007","DSE","1","0"
"B.A. (Hons.) Hindi Patrakarita evam Jansanchar","7","ग्लोबल मीडिया एवं भारत","2053150014","DSE","1","0"
"B.A. (Hons.) Hindi Patrakarita evam Jansanchar","7","विडिओ निर्माण","2053150015","DSE","1","0"
"B.A. (Hons.) Hindi Patrakarita evam Jansanchar","7","समसामयिक विश्व एवं भारत","2053150013","DSE","1","0"
"B.A. (Hons.) Karnatak Music- Vocal & Instrumental (Veena/Violin)","","Research Methodology (Elective Theory)","2443100007","DSE","1","8"
"B.A. (Hons.) Karnatak Music- Vocal & Instrumental (Veena/Violin)","1","Practical Assessment","2449161103","DSC","1","0"
"B.A. (Hons.) Karnatak Music- Vocal & Instrumental (Veena/Violin)","1","Stage Performance","2449161102","DSC","1","0"
"B.A. (Hons.) Karnatak Music- Vocal & Instrumental (Veena/Violin)","2","Practical Assessment","2442161203","DSC","1","0"
"B.A. (Hons.) Karnatak Music- Vocal & Instrumental (Veena/Violin)","2","Stage Performance","2442161202","DSC","1","0"
"B.A. (Hons.) Karnatak Music- Vocal & Instrumental (Veena/Violin)","3","Ragas, Talas and their Applications","2442162303","DSC","1","0"
"B.A. (Hons.) Karnatak Music- Vocal & Instrumental (Veena/Violin)","3","Stage Performance (3)","2442162302","DSC","1","0"
"B.A. (Hons.) Karnatak Music- Vocal & Instrumental (Veena/Violin)","4","Ragas, Talas and their Applications – (4)","2442162403","DSC","1","0"
"B.A. (Hons.) Karnatak Music- Vocal & Instrumental (Veena/Violin)","4","Stage Performance (4)","2442162402","DSC","1","0"
"B.A. (Hons.) Karnatak Music- Vocal & Instrumental (Veena/Violin)","5","Ragas, Talas and their Applications","2442163503","DSC","1","0"
"B.A. (Hons.) Karnatak Music- Vocal & Instrumental (Veena/Violin)","5","Stage Performance (5)","2442163502","DSC","1","0"
"B.A. (Hons.) Karnatak Music- Vocal & Instrumental (Veena/Violin)","6","Ragas, Talas and their Applications","2442163603","DSC","1","0"
"B.A. (Hons.) Karnatak Music- Vocal & Instrumental (Veena/Violin)","6","Stage Performance (6)","2442163602","DSC","1","0"
"B.A. (Hons.) Karnatak Music- Vocal & Instrumental (Veena/Violin)","7","Historical Development of Scales and Forms of Indian Music (ElectiveTheory)","2443160007","DSE","1","0"
"B.A. (Hons.) Persian","","Comprehensive Study of Classical Persian Text (Kashf-ul-Mehjoob)","2094400017","GE","1","0"
"B.A. (Hons.) Persian","","Indo-Persian Literature: A Brief Study of Lexicography","2094400023","GE","1","0"
"B.A. (Hons.) Persian","","Indo-Persian Literature: A Brief Study of Tazkirah Writing","2094400022","GE","1","0"
"B.A. (Hons.) Persian","","Study of Classical Persian Poetry (Some Selections from Qasaid-e Khaqani","2094400019","GE","1","0"
"B.A. (Hons.) Persian","3","Developing Reading & Writing Skills","2093102001","DSE","1","0"
"B.A. (Hons.) Persian","3","Introduction to Ancient Persian Culture","2093102002","DSE","1","0"
"B.A. (Hons.) Persian","3","Life and Works of Mughal Poet Laurates","2092102303","DSC","1","0"
"B.A. (Hons.) Persian","4","Marsia Nigari in Persian Literature","2093102008","DSE","1","0"
"B.A. (Hons.) Persian","4","Novel Writing in Modern Persian Literature","2093102007","DSE","1","0"
"B.A. (Hons.) Persian","4","Study of Persian Qasida","2093102006","DSE","1","0"
"B.A. (Hons.) Persian","5","A Survey of Persian News Papers in India (18th & 19th Century)","2093100012","DSE","1","0"
"B.A. (Hons.) Persian","5","History of Dari & Tajik Literature","2093100011","DSE","1","0"
"B.A. (Hons.) Persian","5","Masnavi Nigari in Persian Literature","2093100009","DSE","1","0"
"B.A. (Hons.) Persian","5","Study of Persian Rubaai","2093100010","DSE","1","0"
"B.A. (Hons.) Philosophy","3","Information Ethics","2103102002","DSE","1","0"
"B.A. (Hons.) Philosophy","3","Jainism","2103102001","DSE","1","0"
"B.A. (Hons.) Philosophy","5","Sikhism","2104000016","GE","1","0"
"B.A. (Hons.) Philosophy","7","Critical Reading of Texts","2103100016","DSE","1","0"
"B.A. (Hons.) Philosophy","7","Invitation to Cognitive Science","2103100015","DSE","1","0"
"B.A. (Hons.) Philosophy","7","Postmodernism","2103100017","DSE","1","0"
"B.A. (Hons.) Philosophy","8","Afro-Asian Philosophy","2104200028","GE","1","0"
"B.A. (Hons.) Philosophy","8","Global Philosophy","2104200025","GE","1","0"
"B.A. (Hons.) Political Science","","Comparative Political Systems","2322103602","DSC","3","4"
"B.A. (Hons.) Political Science","","Concepts in Comparative Political Analysis","2322102402","DSC","4","3"
"B.A. (Hons.) Political Science","","Democracy and Governance","2323100028","DSE","1","2"
"B.A. (Hons.) Political Science","","Digital Social Sciences","2324002010","GE","1","11"
"B.A. (Hons.) Political Science","","Environment","2323100030","DSE","1","2"
"B.A. (Hons.) Political Science","","Ethics, Politics and Governance","2323100031","DSE","1","1"
"B.A. (Hons.) Political Science","","Feminism: Theory and Practice","2323100024","DSE","3","2"
"B.A. (Hons.) Political Science","","Global Politics","2322102403","DSC","6","3"
"B.A. (Hons.) Political Science","","Governance: Issues and Challenges","2324002005","GE","7","11"
"B.A. (Hons.) Political Science","","Ideas in Indian Political Thought","2324000001","GE","3","3"
"B.A. (Hons.) Political Science","","India’s Foreign Policy: Challenges and Strategies","2322103603","DSC","2","3"
"B.A. (Hons.) Political Science","","India’s National Security: Major Challenges and Strategic Thinking","2323102005","DSE","1","2"
"B.A. (Hons.) Political Science","","Introduction to Human Rights","2324000013","GE","3","5"
"B.A. (Hons.) Political Science","","Introduction to International Relations: Theories, Concepts & Debates","2322101203","DSC","6","3"
"B.A. (Hons.) Political Science","","Introduction to Public Policy","2324002008","GE","4","20"
"B.A. (Hons.) Political Science","","Introduction to the Indian Constitution","2324000002","GE","2","8"
"B.A. (Hons.) Political Science","","Nationalism in India","2324002003","GE","4","14"
"B.A. (Hons.) Political Science","","Parliamentary and Procedures and Practices","2324000012","GE","2","6"
"B.A. (Hons.) Political Science","","Perspecitves on Public Administration","2322101201","DSC","9","4"
"B.A. (Hons.) Political Science","","Political Ideas of Ancient India","2323100027","DSE","2","2"
"B.A. (Hons.) Political Science","","Politics of Globalisation","2324002007","GE","5","11"
"B.A. (Hons.) Political Science","","Power Dilemmas in International Relations","2323100029","DSE","2","2"
"B.A. (Hons.) Political Science","","Public Administration in India","2322102401","DSC","8","11"
"B.A. (Hons.) Political Science","","Public Policy","2322103601","DSC","3","3"
"B.A. (Hons.) Political Science","","Research Methods in Politics","2323100010","DSE","2","6"
"B.A. (Hons.) Political Science","","Understanding International Relations","2324002004","GE","5","15"
"B.A. (Hons.) Political Science","","Understanding Savarkar","2323100009","DSE","3","6"
"B.A. (Hons.) Political Science","","Understanding Security","2323100008","DSE","1","5"
"B.A. (Hons.) Political Science","","Western Political Philosophy","2324002006","GE","7","15"
"B.A. (Hons.) Political Science","","Women and Politics in India: Concepts and Debates","2324002009","GE","1","12"
"B.A. (Hons.) Political Science","1","Colonialism & Nationalism in India","2322101103","DSC","6","1"
"B.A. (Hons.) Political Science","1","Ideas & Institutions in Indian Political Thought","2322101102","DSC","5","3"
"B.A. (Hons.) Political Science","1","Understanding Political Theory","2322101101","DSC","4","2"
"B.A. (Hons.) Political Science","2","Methods & Approaches in Comparative Political Analysis","2322101202","DSC","6","3"
"B.A. (Hons.) Political Science","3","Ancient & Medieval Indian Political Thought","2322102301","DSC","8","5"
"B.A. (Hons.) Political Science","3","Constitutrional Government & Democracy in India","2322102303","DSC","4","0"
"B.A. (Hons.) Political Science","3","Indian Constitution: Key Debates","2323102002","DSE","1","0"
"B.A. (Hons.) Political Science","3","Political Theory: Concepts & Debates","2322102302","DSC","8","1"
"B.A. (Hons.) Political Science","3","State Politics in India","2323102001","DSE","1","0"
"B.A. (Hons.) Political Science","5","International Political Economy","2323100006","DSE","1","3"
"B.A. (Hons.) Political Science","5","Modern Indian Political Thought","2322103502","DSC","6","2"
"B.A. (Hons.) Political Science","5","Political Process in India","2322103503","DSC","5","1"
"B.A. (Hons.) Political Science","5","Understanding Ambedkar","2323100007","DSE","8","1"
"B.A. (Hons.) Political Science","5","Western Political Philosophy – I","2322103501","DSC","3","2"
"B.A. (Hons.) Political Science","7","Understanding Human Right","2323100020","DSE","2","2"
"B.A. (Hons.) Russian","1","RUSSIAN LANGUAGE-1-","2422501101","DSC","1","0"
"B.A. (Hons.) Russian","1","RUSSIAN LANGUAGE-3- LISTENING COMPREHENSION AND SPOKEN EXPRESSION","2422501103","DSC","1","0"
"B.A. (Hons.) Russian","2","RUSSIAN LANGUAGE-6-LISTENING COMPREHENSION AND SPOKEN EXPRESSION","2422501203","DSC","1","0"
"B.A. (Hons.) Russian","3","GRAMMER, READING & WRITING","2422502301","DSC","1","0"
"B.A. (Hons.) Russian","3","HISTORY & CULTURE OF","2422502303","DSC","1","0"
"B.A. (Hons.) Russian","3","LISTENING COMPREHENSION","2422502302","DSC","1","0"
"B.A. (Hons.) Russian","3","THEORY AND PRACTICE OF TRANSLATION","2423500001","DSE","1","0"
"B.A. (Hons.) Russian","3","THEORY OF LITERATURE","2423500002","DSE","1","0"
"B.A. (Hons.) Social Work","","Summer Internship/Field Work Practicum/Block Placement","2332102404","DSC","1","0"
"B.A. (Hons.) Social Work","1","Field Work Practicum-I","2339101103","DSC","1","0"
"B.A. (Hons.) Social Work","2","Field Work Practicum-II","2332101203","DSC","1","0"
"B.A. (Hons.) Social Work","3","Field work Practicum-III","2332102303","DSC","1","0"
"B.A. (Hons.) Social Work","3","Gender and Development","2333102002","DSE","1","0"
"B.A. (Hons.) Social Work","3","Project Formulation and Implememtation","2333102003","DSE","1","0"
"B.A. (Hons.) Social Work","4","Counselling and Therapeutic Interventions","2333102006","DSE","1","0"
"B.A. (Hons.) Social Work","4","Criminal Justice and Social Work","2333102004","DSE","1","0"
"B.A. (Hons.) Social Work","4","Field Work Practicum-IV","2332102403","DSC","1","0"
"B.A. (Hons.) Social Work","5","Field Work Practicum-V","2332103503","DSC","1","0"
"B.A. (Hons.) Social Work","6","Field Work Practicum-VI","2332103603","DSC","1","0"
"B.A. (Hons.) Spanish","","Debating and Presentation Techniques","2043142007","DSE","1","0"
"B.A. (Hons.) Spanish","","Introduction to Content Writing","2043142008","DSE","1","0"
"B.A. (Hons.) Spanish","","Life in Spanish Speaking Countries","2043142002/2043142005","DSE","1","0"
"B.A. (Hons.) Spanish","","Research Methodology and Academic Writing","2043140018","DSE","1","0"
"B.A. (Hons.) Spanish","1","Basic Communicative Spanish (1)","2044001004","GE","1","0"
"B.A. (Hons.) Spanish","1","Spanish Language in Context: Developing Listening and Speaking Skills (1)","2042141102","DSC","1","0"
"B.A. (Hons.) Spanish","2","Spanish Language in Context: Developing Listening and Speaking Skills (2)","2042141202","DSC","1","0"
"B.A. (Hons.) Spanish","3","Basic Communicative Spanish (2)","2044002003","GE","1","0"
"B.A. (Hons.) Spanish","3","Engaging With Literary Texts (1)","2042142303","DSC","1","0"
"B.A. (Hons.) Spanish","3","Introduction to the History of Spain and the Spanish Speaking World (1)","2043142001","DSE","1","0"
"B.A. (Hons.) Spanish","3","Language in Context: Intermediate Listening and Speaking Skills (1)","2042142302","DSC","1","0"
"B.A. (Hons.) Spanish","3","Language in Context: Intermediate Reading and Writing Skills (1)","2042142301","DSC","1","0"
"B.A. (Hons.) Spanish","4","Language in Context: Intermediate Listening and Speaking Skills (2)","2042142402","DSC","1","0"
"B.A. (Hons.) Spanish","5","Language in Context: Advanced Listening and Speaking Skills (1)","2042143502","DSC","1","0"
"B.A. (Hons.) Spanish","6","Introduction to Foreign Language Teaching.","2043140019","DSE","1","0"
"B.A. (Hons.) Spanish","6","Language in Context: Advanced Listening and Speaking Skills (2)","2042143602","DSC","1","0"
"B.A. (Hons.) Spanish","6","Study of European Art","2043140023","DSE","1","0"
"B.A. (Hons.) Spanish","7","Advanced Study of the Language","2043140030","DSE","1","0"
"B.A. (Hons.) Spanish","7","History of 19th Century Literature","2043140039","DSE","1","0"
"B.A. (Hons.) Spanish","7","Introduction to Linguistics","2043140034","DSE","1","0"
"B.A. (Hons.) Spanish","7","Introduction to Literary Translation","2043140032","DSE","1","0"
"B.A. (Hons.) Spanish","7","Introduction to the Methodology of Teaching a Foreign Language","2043140033","DSE","1","0"
"B.A. (Hons.) Spanish","7","Language of the Media","2043140036","DSE","1","0"
"B.A. (Hons.) Spanish","7","Methodology of Teaching a Foreign Language: Theory and Practice","2043140045","DSE","1","0"
"B.A. (Hons.) Spanish","7","Study of a Genre: Theatre","2043140031","DSE","1","0"
"B.A. (Hons.) Spanish","7","Study of an Author","2043140037","DSE","1","0"
"B.A. (Hons.) Spanish","7","Understanding Contemporary Europe","2043140038","DSE","1","0"
"B.A. (Hons.) Spanish","8","Critical Issues in Hispanic Studies","2043140047","DSE","1","0"
"B.A. (Hons.) Spanish","8","Cultural History of Spain and Spanish Speaking Countries (2)","2043140046","DSE","1","0"
"B.A. (Hons.) Spanish","8","History of 20th Century Literature","2043140049","DSE","1","0"
"B.A. (Hons.) Spanish","8","Introduction to Comparative Literature","2043140050","DSE","1","0"
"B.A. (Hons.) Spanish","8","Language of the Arts","2043140048","DSE","1","0"
"B.A. (Hons.) Spanish","8","Literary Translation: Theory and Practice/Novel","2043140044","DSE","1","0"
"B.A. (Hons.) Spanish","8","Rhetoric and Composition","2043140041","DSE","1","0"
"B.A. (Hons.) Spanish","8","Study of a Genre: Novel","2043140043","DSE","1","0"
"B.A. (Hons.) Spanish","8","Study of a Genre: Poetry","2043140042","DSE","1","0"
"B.A. (Hons) Hindi","","अस्मितामूलक हिंदी साहित्य (दलित विमर्श, स्त्री विमर्श एवं आदिवासी विमर्श)","2052103602","DSC","3","2"
"B.A. (Hons) Hindi","","आधुनिक हिन्दी कविता (छायावाद तक)","2052102402","DSC","4","3"
"B.A. (Hons) Hindi","","आषाढ़ का एक दिन","2053100025","DSE","1","2"
"B.A. (Hons) Hindi","","कथेतर गद्य साहित्य","2052103603","DSC","3","3"
"B.A. (Hons) Hindi","","पट्कथा और संवाद लेखन","2054001203","GE","6","4"
"B.A. (Hons) Hindi","","पर्यावरण और हिंदी साहित्य","2053102005","DSE","1","1"
"B.A. (Hons) Hindi","","भारतीय काव्यशास्त्र","2052102401","DSC","4","5"
"B.A. (Hons) Hindi","","भाषा और समाज","2054001204","GE","2","4"
"B.A. (Hons) Hindi","","रश्मिरथी","2053100022","DSE","1","1"
"B.A. (Hons) Hindi","","शोध-प्रविधि","2053100014","DSE","3","11"
"B.A. (Hons) Hindi","","हिंदी कविता : सगुण भक्तिकाव्य एवं रीतिकालीन काव्य","2052101201","DSC","7","4"
"B.A. (Hons) Hindi","","हिंदी गीतिकाव्य","2054000022","GE","1","2"
"B.A. (Hons) Hindi","","हिंदी निबंध एवं अन्य गद्य विधाएँ","2052101203","DSC","6","4"
"B.A. (Hons) Hindi","","हिंदी भाषा : स्वरूप, संरचना एवं इतिहास","2052103601","DSC","3","3"
"B.A. (Hons) Hindi","","हिंदी साहित्य का इतिहास (आधुनिक काल)","2052101202","DSC","5","6"
"B.A. (Hons) Hindi","","हिन्दी उपन्यास","2052102403","DSC","4","3"
"B.A. (Hons) Hindi","1","हिंदी कविता : आदिकाल एवं निर्गुण भक्तिकाव्य","2052101101","DSC","3","2"
"B.A. (Hons) Hindi","1","हिंदी कहानी","2052101103","DSC","7","1"
"B.A. (Hons) Hindi","1","हिंदी साहित्य का इतिहास (आदिकाल एवं मध्यकाल)","2052101102","DSC","3","2"
"B.A. (Hons) Hindi","3","भारतीय साहित्य","2052102301","DSC","3","1"
"B.A. (Hons) Hindi","3","रचनात्मक लेखन","2056000003","DSE","1","0"
"B.A. (Hons) Hindi","3","राष्ट्रीय सांस्कृतिक काव्य-धारा","2053102002","DSE","2","0"
"B.A. (Hons) Hindi","3","सामान्य भाषा विज्ञान","2052102303","DSC","2","0"
"B.A. (Hons) Hindi","3","हिंदी की मौखिक और लोक-साहित्य परंपरा","2053102001","DSE","1","0"
"B.A. (Hons) Hindi","3","हिंदी नाटक एवं एकांकी","2052102302","DSC","3","1"
"B.A. (Hons) Hindi","4","ब्लॉग लेखन","2054002003","GE","3","2"
"B.A. (Hons) Hindi","4","हिंदी भाषा और विज्ञापन","2054002004","GE","2","3"
"B.A. (Hons) Hindi","4","हिंदी लोकनाट्य","2053102004","DSE","1","0"
"B.A. (Hons) Hindi","5","आधुनिक हिंदी कविता (छायावादोत्तर)","2052103502","DSC","2","1"
"B.A. (Hons) Hindi","5","कंप्यूटर और हिंदी","2054000006","GE","2","1"
"B.A. (Hons) Hindi","5","पाश्चात्य काव्यशास्त्र","2052103501","DSC","3","2"
"B.A. (Hons) Hindi","5","भारतीय और पाश्चात्य रंगमंच","2053100007","DSE","2","0"
"B.A. (Hons) Hindi","5","रंगमंच और लोक-साहित्य","2054000007","GE","2","1"
"B.A. (Hons) Hindi","5","हिंदी आलोचना","2052103503","DSC","2","1"
"B.A. (Hons) Hindi","5","हिंदी यात्रा साहित्य","2053100009","DSE","2","0"
"B.A. (Hons) Hindi","5","हिंदी सिनेमा : व्यावसायिक संदर्भ","2053100008","DSE","3","0"
"B.A. (Hons) Hindi","7","कबीरदास","2053100015","DSE","2","0"
"B.A. (Hons) Hindi","7","भारतेन्दु हरिश्चंद्र","2053100017","DSE","1","1"
"B.A. (Hons) Humanities & Social Sciences","","Circular Economy","3123100016","DSE","1","0"
"B.A. (Hons) Humanities & Social Sciences","","Climate Change and Environmental Degradation","3123100013","DSE","1","0"
"B.A. (Hons) Humanities & Social Sciences","","Constructively Engaging with Social Media","3123102008","DSE","1","0"
"B.A. (Hons) Humanities & Social Sciences","","Cultural Studies: Theories and Applications","3122102403","DSC","1","0"
"B.A. (Hons) Humanities & Social Sciences","","Economic Policies and Governance","3123100022","DSE","1","0"
"B.A. (Hons) Humanities & Social Sciences","","Engaging with Emerging Human Rights Challenges","3123102003","DSE","1","0"
"B.A. (Hons) Humanities & Social Sciences","","Environmental Policies and Governance","3123100023","DSE","1","0"
"B.A. (Hons) Humanities & Social Sciences","","Exploration and Promotion of Heritage of India","3123102006","DSE","1","0"
"B.A. (Hons) Humanities & Social Sciences","","Gender Issues and Challenges in India","3123102002","DSE","1","0"
"B.A. (Hons) Humanities & Social Sciences","","Heritage Tourism","3124100008","GE","1","0"
"B.A. (Hons) Humanities & Social Sciences","","Human-Digital Interaction","3122103603","DSC","1","0"
"B.A. (Hons) Humanities & Social Sciences","","Humanities and Social Sciences: Concepts & Scope","3122101101","DSC","1","0"
"B.A. (Hons) Humanities & Social Sciences","","Indian Philosophical Thinkers","3122102402","DSC","1","0"
"B.A. (Hons) Humanities & Social Sciences","","Innovation and Social Change","3123100019","DSE","1","0"
"B.A. (Hons) Humanities & Social Sciences","","Intervention Beyond Mental Illness","3124100007","GE","1","0"
"B.A. (Hons) Humanities & Social Sciences","","Introduction to Digital Humanities","3122102401","DSC","1","0"
"B.A. (Hons) Humanities & Social Sciences","","Media Studies: Mapping the Field","3124100009","GE","1","0"
"B.A. (Hons) Humanities & Social Sciences","","Methodological Designs in Humanities & Social Sciences","3123100025","DSE","1","0"
"B.A. (Hons) Humanities & Social Sciences","","Philosophical Debates: Modern and Post-modern","3122103602","DSC","1","0"
"B.A. (Hons) Humanities & Social Sciences","","Preservation and Promotion of Linguistic Plurality and Cultural Diversity in India","3123102005","DSE","1","0"
"B.A. (Hons) Humanities & Social Sciences","","Qualitative and Quantitative Social Inquiry","3122101103","DSC","1","0"
"B.A. (Hons) Humanities & Social Sciences","","Social Challenges and Sensitizations concerning Marginalized Communities","3123102004","DSE","1","0"
"B.A. (Hons) Humanities & Social Sciences","","Social Innovation and Entrepreneurship","3123100021","DSE","1","0"
"B.A. (Hons) Humanities & Social Sciences","","Social Justice and Equity","3123100017","DSE","1","0"
"B.A. (Hons) Humanities & Social Sciences","","Social Movements in India","3122103601","DSC","1","0"
"B.A. (Hons) Humanities & Social Sciences","","Social Policies and Governance","3123100024","DSE","1","0"
"B.A. (Hons) Humanities & Social Sciences","","Socially Engaging with the Human World","3123102001","DSE","1","0"
"B.A. (Hons) Humanities & Social Sciences","","Sustainable Agriculture and Food Systems","3123100015","DSE","1","0"
"B.A. (Hons) Humanities & Social Sciences","","Sustainable Cities and Communities","3123100018","DSE","1","0"
"B.A. (Hons) Humanities & Social Sciences","","Sustainable Energy and Natural Resources","3123100014","DSE","1","0"
"B.A. (Hons) Humanities & Social Sciences","","Technoliteracy: Challenges and Opportunities","3123102010","DSE","1","0"
"B.A. (Hons) Humanities & Social Sciences","","Technology and Education","3123102011","DSE","1","0"
"B.A. (Hons) Humanities & Social Sciences","","Technology and Health","3123102012","DSE","1","0"
"B.A. (Hons) Humanities & Social Sciences","","Technology and Human Interaction","3123102007","DSE","1","0"
"B.A. (Hons) Humanities & Social Sciences","","Technology and Innovation Policies","3123100020","DSE","1","0"
"B.A. (Hons) Humanities & Social Sciences","","Technology, Safety and Security","3123102009","DSE","1","0"
"B.A. (Hons) Punjabi","","Haas Ras da Punjabi Sahit","2123102005","DSE","1","0"
"B.A. (Hons) Punjabi","3","Punjabi Natak","2122102303","DSC","1","0"
"B.A. (Hons) Urdu","","POET IQBAL","Paper","GE","1","0"
"B.A. (Hons) Urdu","","STUDY OF PROSE WRITER SIR SYED AHMED KHAN","2142102303","DSC","1","0"
"B.A. (Hons) Urdu","","URDU DRAMA","2143102302","DSE","1","0"
"B.A. (Hons) Urdu","","Urdu Safarnama (Urdu Travel Literature)","2144000026","GE","1","0"
"B.A. (Hons) Urdu","","URDU SHORT STORY","2143102301","DSE","1","0"
"B.A. (Prog.) Geography as Major Discipline","","Agricultural Geography And Food Security","2292203502","DSC","3","1"
"B.A. (Prog.) Geography as Major Discipline","","Biogeography","2293102001","DSE","3","0"
"B.A. (Prog.) Geography as Major Discipline","","Climatology","2292102301","DSC","15","5"
"B.A. (Prog.) Geography as Major Discipline","","Economic Geography","2292202401","DSC","12","6"
"B.A. (Prog.) Geography as Major Discipline","","Environment And Ecology","2292203501","DSC","9","1"
"B.A. (Prog.) Geography as Major Discipline","","Evolution of Geographical Thought","2292203602","DSC","9","1"
"B.A. (Prog.) Geography as Major Discipline","","Gender And Development","2293100009","DSE","1","5"
"B.A. (Prog.) Geography as Major Discipline","","Geographical Dimensions of Land Use Planning And Policy","2293100020","DSE","1","1"
"B.A. (Prog.) Geography as Major Discipline","","Geographical Techniques (Practical)","2292204701","DSC","1","1"
"B.A. (Prog.) Geography as Major Discipline","","Geographies of Crime","2293100008","DSE","2","5"
"B.A. (Prog.) Geography as Major Discipline","","Geography of Arid And Semiarid Region","2293102002","DSE","1","0"
"B.A. (Prog.) Geography as Major Discipline","","Geography of Behaviour And Emotions","2293100028","DSE","2","2"
"B.A. (Prog.) Geography as Major Discipline","","Geography of Health","2293100023","DSE","1","1"
"B.A. (Prog.) Geography as Major Discipline","","Geography of Himalayas","2293102003","DSE","2","1"
"B.A. (Prog.) Geography as Major Discipline","","Geography of Mobility And Migration","2293100027","DSE","3","2"
"B.A. (Prog.) Geography as Major Discipline","","Geography of Tourism","2293100022","DSE","1","1"
"B.A. (Prog.) Geography as Major Discipline","","Geography of Transportation","2293100025","DSE","2","2"
"B.A. (Prog.) Geography as Major Discipline","","Geomorphology","2292201202","DSC","6","1"
"B.A. (Prog.) Geography as Major Discipline","","Human Geography","2292201102","DSC","10","7"
"B.A. (Prog.) Geography as Major Discipline","","Introduction To Geospatial Technologies (Practical)","2292204801","DSC","5","1"
"B.A. (Prog.) Geography as Major Discipline","","Introduction To Research Methods In Geography","2293100010","DSE","3","9"
"B.A. (Prog.) Geography as Major Discipline","","Natural Resource Management","2293102005","DSE","1","1"
"B.A. (Prog.) Geography as Major Discipline","","Oceanography","2292202402","DSC","5","2"
"B.A. (Prog.) Geography as Major Discipline","","Physical Geography","2292201101","DSC","10","3"
"B.A. (Prog.) Geography as Major Discipline","","Political Geography","2293100006","DSE","4","0"
"B.A. (Prog.) Geography as Major Discipline","","Population Geography","2292201201","DSC","11","4"
"B.A. (Prog.) Geography as Major Discipline","","Regional Geography of India","2292203601","DSC","7","4"
"B.A. (Prog.) Geography as Major Discipline","","Regional Planning And Development","2293100024","DSE","5","2"
"B.A. (Prog.) Geography as Major Discipline","","Social Geography","2293100007","DSE","3","0"
"B.A. (Prog.) Geography as Major Discipline","","Urba Geography","2292102302","DSC","5","1"
"B.A. (Prog.) Geography as Minor Discipline","","Biogeography","2293102001","DSE","2","0"
"B.A. (Prog.) Geography as Minor Discipline","","Climatology","2292102301","DSC","4","5"
"B.A. (Prog.) Geography as Minor Discipline","","Economic Geography","2292202401","DSC","4","6"
"B.A. (Prog.) Geography as Minor Discipline","","Geography of Arid And Semiarid Region","2293102002","DSE","1","0"
"B.A. (Prog.) Geography as Minor Discipline","","Natural Resource Management","2293102005","DSE","1","1"
"B.A. (Prog.) Geography as Minor Discipline","","Physical Geography","2292201101","DSC","2","3"
"B.A. (Prog.) Geography as Minor Discipline","","Political Geography","2293100006","DSE","2","0"
"B.A. (Prog.) Geography as Minor Discipline","","Population Geography","2292201201","DSC","5","4"
"B.A. (Prog.) Geography as Minor Discipline","","Regional Geography of India","2292203601","DSC","2","4"
"B.A. (Prog.) Geography as Minor Discipline","","Social Geography","2293100007","DSE","1","0"
"B.A. (Prog.) Sanskrit (MAJOR)","","Architectural System in Sanskrit","2133200018","DSE","2","3"
"B.A. (Prog.) Sanskrit (MAJOR)","","Dharmashastra Studies","2132202401","DSC","2","15"
"B.A. (Prog.) Sanskrit (MAJOR)","","Indian Aesthetics","2132203602","DSC","1","6"
"B.A. (Prog.) Sanskrit (MAJOR)","","Indian Culture and Social Issues","2133200014","DSE","1","4"
"B.A. (Prog.) Sanskrit (MAJOR)","","Management in Sanskrit Tradition","2133200019","DSE","1","2"
"B.A. (Prog.) Sanskrit (MAJOR)","","Readings from Vedas","2132202402","DSC","2","5"
"B.A. (Prog.) Sanskrit (MAJOR)","","Sanskrit Composition and Translation","2132204801","DSC","5","1"
"B.A. (Prog.) Sanskrit (MAJOR)","","Sanskrit Literature: Katha Kavya","2132203601","DSC","2","8"
"B.A. (Prog.) Sanskrit (MAJOR)","","Sanskrit Prose","2132201201","DSC","3","6"
"B.A. (Prog.) Sanskrit (MAJOR)","1","Sanskrit Grammar","2132201101","DSC","6","7"
"B.A. (Prog.) Sanskrit (MAJOR)","1","Sanskrit Poetry","2132201102","DSC","1","1"
"B.A. (Prog.) Sanskrit (MAJOR)","2","Sanskrit Drama","2132201202","DSC","2","3"
"B.A. (Prog.) Sanskrit (MAJOR)","3","Gita and Upanishad","2132202302","DSC","1","2"
"B.A. (Prog.) Sanskrit (MAJOR)","3","Sanskrit Theatre","2132202301","DSC","6","4"
"B.A. (Prog.) Sanskrit (MAJOR)","5","Indian Epigraphy & Paleography","2132203501","DSC","4","3"
"B.A. (Prog.) Sanskrit (MAJOR)","5","Indian Scientific Heritage","2133200016","DSE","1","0"
"B.A. (Prog.) Sanskrit (MAJOR)","5","Introduction to Itihāsa-Purāṇa Tradition","2133200015","DSE","1","0"
"B.A. (Prog.) Sanskrit (MAJOR)","6","Basic Principles of Research Methodology","2133200022","DSE","1","0"
"B.A. (Prog.) Sanskrit (MAJOR)","6","Political Thought in Sanskrit Literature","2133200021","DSE","1","0"
"B.A. (Prog.) Sanskrit (MAJOR)","6","Sanskrit Theatre and Script Writing","2133200023","DSE","1","0"
"B.A. (Prog.) Sanskrit (MAJOR)","7","Skills for Dissertation Writing in Sanskrit","2133200009","DSE","1","1"
"B.A. (Prog.) Sanskrit (MINOR)","3","Sanskrit Theatre","2132202301","DSC","1","4"
"B.A. (Prog.) Sanskrit (MINOR)","5","Indian Scientific Heritage","2133200016","DSE","1","0"
"B.A. (Prog.) Sanskrit (MINOR)","5","Introduction to Itihāsa-Purāṇa Tradition","2133200015","DSE","1","0"
"B.A. (Prog.) Sanskrit (MINOR)","6","Basic Principles of Research Methodology","2133200022","DSE","1","0"
"B.A. (Prog.) Sanskrit (MINOR)","6","Political Thought in Sanskrit Literature","2133200021","DSE","1","0"
"B.A. (Prog.) Sanskrit (MINOR)","6","Sanskrit Theatre and Script Writing","2133200023","DSE","1","0"
"B.A. (Prog.) with Arabic as Major Discipline","","Arabic Literature Review (Arabic Novel)","2015000018","GE","1","0"
"B.A. (Prog.) with Arabic as Major Discipline","","Arabic Text Comprehension-2","2013102004","DSE","1","0"
"B.A. (Prog.) with Arabic as Major Discipline","","Arabic Text Comprehension-3","2013102007","DSE","1","0"
"B.A. (Prog.) with Arabic as Major Discipline","","History Of Arabic Literature -3 (up to Umayyad & Andalusian Period)","2013100016","DSE","1","0"
"B.A. (Prog.) with Arabic as Major Discipline","","Ilmul-Arudh","2013100017","DSE","1","0"
"B.A. (Prog.) with Arabic as Major Discipline","","Indian Arabic Writers","2013102008","DSE","1","0"
"B.A. (Prog.) with Arabic as Major Discipline","","Modern Arabic Prose & Poetry-1","2013100015","DSE","1","0"
"B.A. (Prog.) with Arabic as Major Discipline","","Modern Arabic-I","2012202302","DSC","1","0"
"B.A. (Prog.) with Arabic as Major Discipline","","Professional Translation-I","2013100018","DSE","1","0"
"B.A. (Prog.) with Arabic as Major Discipline","","Research Methodology","2013100013","DSE","1","0"
"B.A. (Prog.) with Arabic as Minor Discipline","","Arabic Literature Review (Arabic Novel)","2015000018","GE","1","0"
"B.A. (Prog.) with Arabic as Minor Discipline","","Arabic Text Comprehension-2","2013102004","DSE","1","0"
"B.A. (Prog.) with Arabic as Minor Discipline","","Arabic Text Comprehension-3","2013102007","DSE","1","0"
"B.A. (Prog.) with Arabic as Minor Discipline","","History Of Arabic Literature -3 (up to Umayyad & Andalusian Period)","2013100016","DSE","1","0"
"B.A. (Prog.) with Arabic as Minor Discipline","","Ilmul-Arudh","2013100017","DSE","1","0"
"B.A. (Prog.) with Arabic as Minor Discipline","","Indian Arabic Writers","2013102008","DSE","1","0"
"B.A. (Prog.) with Arabic as Minor Discipline","","Modern Arabic Prose & Poetry-1","2013100015","DSE","1","0"
"B.A. (Prog.) with Arabic as Minor Discipline","","Professional Translation-I","2013100018","DSE","1","0"
"B.A. (Prog.) with Arabic as Minor Discipline","","Research Methodology","2013100013","DSE","1","0"
"B.A. (Prog.) with Statistics as Major Discipline","1","Economic Statistics","2372201104","DSC","1","0"
"B.A. (Prog.) with Statistics as Major Discipline","6","Order Statistics and Its Applications","2373010012","DSE","1","0"
"B.A. (Prog.) with Urdu as Major Discipline","","POET MIRZA GHALIB","Paper","DSE","1","3"
"B.A. (Prog.) with Urdu as Major Discipline","","URDU DRAMA","2143102302","DSE","1","0"
"B.A. (Prog.) with Urdu as Major Discipline","","URDU SHORT STORY","2143102301","DSE","1","0"
"B.A. (Prog.) with Urdu as Non-Major Discipline (Minor)","","POET MIRZA GHALIB","Paper","DSE","1","3"
"B.A. (Prog.) with Urdu as Non-Major Discipline (Minor)","","URDU DRAMA","2143102302","DSE","1","0"
"B.A. (Prog.) with Urdu as Non-Major Discipline (Minor)","","URDU SHORT STORY","2143102301","DSE","1","0"
"B.A. (Prog) Apparel Design & Construction as Major","","Apparel Retail and Etail","2203300008/2203300011","DSE","1","0"
"B.A. (Prog) Apparel Design & Construction as Major","","Fashion Communication and Media","2203300009/2203300012","DSE","1","0"
"B.A. (Prog) Apparel Design & Construction as Major","","Indian Textile Crafts","2203300007/2203300010","DSE","1","0"
"B.A. (Prog) Apparel Design & Construction as Major","3","Indian and World Costumes","2202302202","DSC","1","0"
"B.A. (Prog) Apparel Design & Construction as Major","5","Apparel Design & Construction","2204000020","GE","1","0"
"B.A. (Prog) Apparel Design & Construction as Major","5","Appreciation of Indian Textile Crafts","2204000021","GE","1","0"
"B.A. (Prog) Apparel Design & Construction as Major","5","Fashion Accessories Design","2204000023","GE","1","0"
"B.A. (Prog) Apparel Design & Construction as Major","5","Understanding Fashion Design","2204000022","GE","1","0"
"B.A. (Prog) Apparel Design & Construction as Major","7","Fahion Visual Merchandising","2203300014","DSE","1","0"
"B.A. (Prog) Apparel Design & Construction as Major","7","Surface Ornamentation for Apparel Design","2203300013","DSE","1","0"
"B.A. (Prog) Apparel Design & Construction as Minor","","Apparel Retail and Etail","2203300008/2203300011","DSE","1","0"
"B.A. (Prog) Apparel Design & Construction as Minor","","Fashion Communication and Media","2203300009/2203300012","DSE","1","0"
"B.A. (Prog) Apparel Design & Construction as Minor","","Indian Textile Crafts","2203300007/2203300010","DSE","1","0"
"B.A. (Prog) Apparel Design & Construction as Minor","5","Apparel Design & Construction","2204000020","GE","1","0"
"B.A. (Prog) Apparel Design & Construction as Minor","5","Appreciation of Indian Textile Crafts","2204000021","GE","1","0"
"B.A. (Prog) Apparel Design & Construction as Minor","5","Fashion Accessories Design","2204000023","GE","1","0"
"B.A. (Prog) Apparel Design & Construction as Minor","5","Understanding Fashion Design","2204000022","GE","1","0"
"B.A. (Prog) Apparel Design & Construction as Minor","7","Fahion Visual Merchandising","2203300014","DSE","1","0"
"B.A. (Prog) Apparel Design & Construction as Minor","7","Surface Ornamentation for Apparel Design","2203300013","DSE","1","0"
"B.A. (Prog) Food Technology as Major","","Cereal and Pulse Technology","2203310001/2203310007","DSE","1","0"
"B.A. (Prog) Food Technology as Major","","Operational Leadership and Management","2203310003/2203310009","DSE","1","0"
"B.A. (Prog) Food Technology as Major","3","Food Business Operations and Entrepreneurship","2202312302","DSC","1","0"
"B.A. (Prog) Food Technology as Major","5","Entrepreneurship for Small Scale Catering","2204000028","GE","1","0"
"B.A. (Prog) Food Technology as Major","5","Food Quality Management","2204000029","GE","1","0"
"B.A. (Prog) Food Technology as Major","5","Fruit and Vegetable Preservation Technology","2204000027","GE","1","0"
"B.A. (Prog) Food Technology as Major","5","Traditional Indian Foods","2204000030","GE","1","0"
"B.A. (Prog) Food Technology as Major","7","Data Analysis and Statistical Tools","2203310010","DSE","1","0"
"B.A. (Prog) Food Technology as Minor","","Cereal and Pulse Technology","2203310001/2203310007","DSE","1","0"
"B.A. (Prog) Food Technology as Minor","","Operational Leadership and Management","2203310003/2203310009","DSE","1","0"
"B.A. (Prog) Food Technology as Minor","5","Entrepreneurship for Small Scale Catering","2204000028","GE","1","0"
"B.A. (Prog) Food Technology as Minor","5","Food Quality Management","2204000029","GE","1","0"
"B.A. (Prog) Food Technology as Minor","5","Fruit and Vegetable Preservation Technology","2204000027","GE","1","0"
"B.A. (Prog) Food Technology as Minor","5","Traditional Indian Foods","2204000030","GE","1","0"
"B.A. (Prog) Food Technology as Minor","7","Data Analysis and Statistical Tools","2203310010","DSE","1","0"
"B.A. (Prog) Human Development and Family Environment as Major","3","Gender and Social Justice in india","2202332302","DSC","1","0"
"B.A. (Prog) Human Development and Family Environment as Major","4","Program Planning and Practices","2202332402","DSC","1","0"
"B.A. (Prog) Human Development and Family Environment as Major","6","Early Intervention and Services for children with disability","2202333601","DSC","1","0"
"B.A. (Prog) Mathematics as Major","","Abstract Algebra","2352572401","DSC","8","17"
"B.A. (Prog) Mathematics as Major","","Abstract Algebra","2354000009","GE","4","4"
"B.A. (Prog) Mathematics as Major","","Analytic Geometry","2354001201","GE","1","3"
"B.A. (Prog) Mathematics as Major","","Elementary Linear Algebra","2352571201","DSC","12","7"
"B.A. (Prog) Mathematics as Major","","Elementary Mathematical Analysis","2352203602","DSC","1","5"
"B.A. (Prog) Mathematics as Major","","Introduction to Graph Theory","2352202402","DSC","2","6"
"B.A. (Prog) Mathematics as Major","","Introduction to Linear Algebra","2354001202","GE","5","7"
"B.A. (Prog) Mathematics as Major","","Introduction to Mathematical Modeling","2354000010","GE","1","9"
"B.A. (Prog) Mathematics as Major","","Introduction to Mathematical Modeling","2353200011","DSE","1","14"
"B.A. (Prog) Mathematics as Major","","Probability and Statistics","2352203601","DSC","8","10"
"B.A. (Prog) Mathematics as Major","","Research Methodology","2353010015","DSE","7","8"
"B.A. (Prog) Mathematics as Major","1","Elements of Discrete Mathematics","2352201102","DSC","4","1"
"B.A. (Prog) Mathematics as Major","1","Fundamental of Calculus","2354001001","GE","4","1"
"B.A. (Prog) Mathematics as Major","1","Theory of Equations and Symmetries","2354001002","GE","3","1"
"B.A. (Prog) Mathematics as Major","1","Topics in Calculus","2352571101","DSC","6","9"
"B.A. (Prog) Mathematics as Major","2","Analytic Geometry","2352201202","DSC","3","3"
"B.A. (Prog) Mathematics as Major","3","Differential Equations","2354002001","GE","2","3"
"B.A. (Prog) Mathematics as Major","3","Differential Equations","2352572301","DSC","15","4"
"B.A. (Prog) Mathematics as Major","3","Theory of Equations and Symmetries","2352202002","DSC","2","3"
"B.A. (Prog) Mathematics as Major","4","Elements of Real Analysis","2354002003","GE","6","9"
"B.A. (Prog) Mathematics as Major","4","Linear Programming","2354002004","GE","8","3"
"B.A. (Prog) Mathematics as Major","5","Combinatorics","2353200007","DSE","2","0"
"B.A. (Prog) Mathematics as Major","5","Elementary Mathematical Analysis","2354000008","GE","1","1"
"B.A. (Prog) Mathematics as Major","5","Elements of Number Theory","2353200008","DSE","3","0"
"B.A. (Prog) Mathematics as Major","5","Elements of Real Analysis","2352203501","DSC","7","3"
"B.A. (Prog) Mathematics as Major","5","Mathematical Python","2353200009","DSE","1","2"
"B.A. (Prog) Mathematics as Major","5","Numerical Methods","2354000006","GE","8","4"
"B.A. (Prog) Mathematics as Major","7","Advanced Linear Algebra","2353200012","DSE","2","1"
"B.A. (Prog) Mathematics as Major","7","Applied Algebra","2354000012","GE","1","1"
"B.A. (Prog) Mathematics as Major","7","Elements of Metric Spaces","2353200013","DSE","2","1"
"B.A. (Prog) Mathematics as Major","7","Integral Transforms","2353200015","DSE","1","1"
"B.A. (Prog) Mathematics as Major","7","Numerical Methods","2352204701","DSC","1","2"
"B.A. (Prog) Mathematics as Major","7","Topics in Multivariate Calculus","2354000015","GE","2","1"
"B.A. (Prog) Nutrition and Health Education as Major","","Basic Physiology of Digestive System","2203320004/2203320007","DSE","1","0"
"B.A. (Prog) Nutrition and Health Education as Major","","Health and Nutrition for Women and Children","2203320006/2203320009","DSE","1","0"
"B.A. (Prog) Nutrition and Health Education as Major","","Recent Advances in Food and Nutrition","2203320005/2203320008","DSE","1","0"
"B.A. (Prog) Nutrition and Health Education as Major","3","Food Reporting and Writing","2202322302","DSC","1","0"
"B.A. (Prog) Nutrition and Health Education as Major","7","Data Analysis and Statistical Tools","2203310010","DSE","1","0"
"B.A. (Prog) Nutrition and Health Education as Minor","","Basic Physiology of Digestive System","2203320004/2203320007","DSE","1","0"
"B.A. (Prog) Nutrition and Health Education as Minor","","Health and Nutrition for Women and Children","2203320006/2203320009","DSE","1","0"
"B.A. (Prog) Nutrition and Health Education as Minor","","Recent Advances in Food and Nutrition","2203320005/2203320008","DSE","1","0"
"B.A. (Prog) Nutrition and Health Education as Minor","7","Data Analysis and Statistical Tools","2203310010","DSE","1","0"
"B.A. (Prog) Philosophy","5","Philosophy of Mahatma Gandhi","2103200006","DSE","1","0"
"B.A. (Prog) Philosophy","5","Philosophy of Swami Vivekananda","2103200005","DSE","1","0"
"B.A. (Prog) Philosophy","5","Understanding Dimensions of Gender","2103200001","DSE","1","0"
"B.A. (Prog) Philosophy","7","Buddhist Philosophy","2103200015","DSE","1","0"
"B.A. (Prog) with Mathematics as Minor","","Abstract Algebra","2354000009","DSE","1","4"
"B.A. (Prog) with Mathematics as Minor","","Abstract Algebra","2352572401","DSC","2","17"
"B.A. (Prog) with Mathematics as Minor","","Elementary Linear Algebra","2352571201","DSC","1","7"
"B.A. (Prog) with Mathematics as Minor","","Introduction to Linear Algebra","2354001202","DSE","2","7"
"B.A. (Prog) with Mathematics as Minor","","Research Methodology","2353010015","DSE","2","8"
"B.A. (Prog) with Mathematics as Minor","1","Fundamental of Calculus","2354001001","DSE","3","1"
"B.A. (Prog) with Mathematics as Minor","1","Topics in Calculus","2352571101","DSC","1","9"
"B.A. (Prog) with Mathematics as Minor","3","Differential Equations","2352572301","DSC","1","4"
"B.A. (Prog) with Mathematics as Minor","3","Differential Equations","2354002001","DSE","1","3"
"B.A. (Prog) with Mathematics as Minor","4","Elements of Real Analysis","2354002003","DSE","2","9"
"B.A. (Prog) with Mathematics as Minor","5","Combinatorics","2353200007","DSE","1","0"
"B.A. (Prog) with Mathematics as Minor","5","Elements of Number Theory","2353200008","DSE","1","0"
"B.A. (Prog) with Persian as Major Discipline","","Comprehensive Study of Classical Persian Text (Kashf-ul-Mehjoob)","2094400017","GE","1","0"
"B.A. (Prog) with Persian as Major Discipline","","Indo-Persian Literature: A Brief Study of Lexicography","2094400023","GE","1","0"
"B.A. (Prog) with Persian as Major Discipline","","Indo-Persian Literature: A Brief Study of Tazkirah Writing","2094400022","GE","1","0"
"B.A. (Prog) with Persian as Major Discipline","","Study of Classical Persian Poetry (Some Selections from Qasaid-e Khaqani","2094400019","GE","1","0"
"B.A. (Prog) with Persian as Major Discipline","3","Developing Reading & Writing Skills","2093102001","DSE","1","0"
"B.A. (Prog) with Persian as Major Discipline","3","Introduction to Ancient Persian Culture","2093102002","DSE","1","0"
"B.A. (Prog) with Persian as Major Discipline","3","Persian Poetrty: Some Selections","2092202302","DSC","1","0"
"B.A. (Prog) with Persian as Major Discipline","4","Marsia Nigari in Persian Literature","2093102008","DSE","1","0"
"B.A. (Prog) with Persian as Major Discipline","4","Novel Writing in Modern Persian Literature","2093102007","DSE","1","0"
"B.A. (Prog) with Persian as Major Discipline","4","Study of Persian Qasida","2093102006","DSE","1","0"
"B.A. (Prog) with Persian as Major Discipline","5","A Survey of Persian News Papers in India (18th & 19th Century)","2093100012","DSE","1","0"
"B.A. (Prog) with Persian as Major Discipline","5","History of Dari & Tajik Literature","2093100011","DSE","1","0"
"B.A. (Prog) with Persian as Major Discipline","5","Masnavi Nigari in Persian Literature","2093100009","DSE","1","0"
"B.A. (Prog) with Persian as Major Discipline","5","Study of Persian Rubaai","2093100010","DSE","1","0"
"B.A. (Prog) with Persian as Major Discipline","7","Indo-Persian Literature: A Brief Analysis of Historiography","2092204701","DSC","1","0"
"B.A. (Prog) with Persian as Minor Discipline","","Comprehensive Study of Classical Persian Text (Kashf-ul-Mehjoob)","2094400017","GE","1","0"
"B.A. (Prog) with Persian as Minor Discipline","","Indo-Persian Literature: A Brief Study of Lexicography","2094400023","GE","1","0"
"B.A. (Prog) with Persian as Minor Discipline","","Indo-Persian Literature: A Brief Study of Tazkirah Writing","2094400022","GE","1","0"
"B.A. (Prog) with Persian as Minor Discipline","","Study of Classical Persian Poetry (Some Selections from Qasaid-e Khaqani","2094400019","GE","1","0"
"B.A. (Prog) with Persian as Minor Discipline","3","Developing Reading & Writing Skills","2093102001","DSE","1","0"
"B.A. (Prog) with Persian as Minor Discipline","3","Introduction to Ancient Persian Culture","2093102002","DSE","1","0"
"B.A. (Prog) with Persian as Minor Discipline","4","Marsia Nigari in Persian Literature","2093102008","DSE","1","0"
"B.A. (Prog) with Persian as Minor Discipline","4","Novel Writing in Modern Persian Literature","2093102007","DSE","1","0"
"B.A. (Prog) with Persian as Minor Discipline","4","Study of Persian Qasida","2093102006","DSE","1","0"
"B.A. (Prog) with Persian as Minor Discipline","5","A Survey of Persian News Papers in India (18th & 19th Century)","2093100012","DSE","1","0"
"B.A. (Prog) with Persian as Minor Discipline","5","History of Dari & Tajik Literature","2093100011","DSE","1","0"
"B.A. (Prog) with Persian as Minor Discipline","5","Masnavi Nigari in Persian Literature","2093100009","DSE","1","0"
"B.A. (Prog) with Persian as Minor Discipline","5","Study of Persian Rubaai","2093100010","DSE","1","0"
"B.A. (Prog) with Political Science as Major Discipline","","Comparative Govt. & Politics (PSD-MJ1)","2322202401","DSC","10","15"
"B.A. (Prog) with Political Science as Major Discipline","","Comparative Political Systems (PSD-MJ2)","2322203602","DSC","4","5"
"B.A. (Prog) with Political Science as Major Discipline","","Gender in International Relations: Theories, Concepts and Practices","2323100011","DSE","1","5"
"B.A. (Prog) with Political Science as Major Discipline","","India’s National Security: Major Challengesand Strategic Thinking","2323102005","DSE","1","2"
"B.A. (Prog) with Political Science as Major Discipline","","Indian Govt & Politics (PSD-MJ)","2322201201","DSC","9","7"
"B.A. (Prog) with Political Science as Major Discipline","","Perspectivese on Public Administration (PSD-MJ1)","2322203601","DSC","5","7"
"B.A. (Prog) with Political Science as Major Discipline","","Public Institutions in India (PSD-MJ2)","2322202402","DSC","5","5"
"B.A. (Prog) with Political Science as Major Discipline","","Research Methods in Politics","2323100010","DSE","2","6"
"B.A. (Prog) with Political Science as Major Discipline","1","Introduction to Political Theory (PSD-MJ1)","2322201101","DSC","9","7"
"B.A. (Prog) with Political Science as Major Discipline","1","Public Administration in India (PSD-MJ)","2322201102","DSC","5","0"
"B.A. (Prog) with Political Science as Major Discipline","2","India’s Foreign Policy (PSD-MJ2)","2322201202","DSC","6","3"
"B.A. (Prog) with Political Science as Major Discipline","3","Ancient & Medieval Indian Political Thought (PSD-MJ1)","2322102301","DSC","2","5"
"B.A. (Prog) with Political Science as Major Discipline","3","Indian Constitution: Key Debates","2323102002","DSE","1","0"
"B.A. (Prog) with Political Science as Major Discipline","3","State Politics in India","2323102001","DSE","1","0"
"B.A. (Prog) with Political Science as Major Discipline","3","Theory & Practice of Democracy (PSD-MJ2)","2322202302","DSC","3","2"
"B.A. (Prog) with Political Science as Major Discipline","5","Introduction to International Relations (PSD-MJ1)","2322203501","DSC","6","3"
"B.A. (Prog) with Political Science as Major Discipline","5","Modern Indian Political Thought (PSD-MJ2)","2322203502","DSC","1","2"
"B.A. (Prog) with Political Science as Major Discipline","5","Understanding Ambedkar","2323100007","DSE","1","1"
"B.A. (Prog) with Political Science as Major Discipline","7","Citizenship and Governance","2323100018","DSE","3","2"
"B.A. (Prog) with Political Science as Major Discipline","7","Themes in Western Political Philosophy","2322104701","DSC","2","2"
"B.A. (Prog) with Political Science as Major Discipline","7","Understanding Globalisation","2323100017","DSE","7","2"
"B.A. (Prog) with Political Science as Minor Discipline","","Comparative Govt. & Politics (PSD-MJ1)","2322202401","DSC","2","15"
"B.A. (Prog) with Political Science as Minor Discipline","","India’s National Security: Major Challengesand Strategic Thinking","2323102005","DSE","1","2"
"B.A. (Prog) with Political Science as Minor Discipline","","Indian Govt & Politics (PSD-MJ)","2322201201","DSC","2","7"
"B.A. (Prog) with Political Science as Minor Discipline","","Perspectivese on Public Administration (PSD-MJ1)","2322203601","DSC","1","7"
"B.A. (Prog) with Political Science as Minor Discipline","","Research Methods in Politics","2323100010","DSE","2","6"
"B.A. (Prog) with Political Science as Minor Discipline","1","Introduction to Political Theory (PSD-MJ1)","2322201101","DSC","1","7"
"B.A. (Prog) with Political Science as Minor Discipline","3","Ancient & Medieval Indian Political Thought (PSD-MJ1)","2322102301","DSC","2","5"
"B.A. (Prog) with Political Science as Minor Discipline","3","Indian Constitution: Key Debates","2323102002","DSE","1","0"
"B.A. (Prog) with Political Science as Minor Discipline","3","State Politics in India","2323102001","DSE","1","0"
"B.A. (Prog) with Political Science as Minor Discipline","5","Introduction to International Relations (PSD-MJ1)","2322203501","DSC","1","3"
"B.A. (Prog) with Political Science as Minor Discipline","5","Understanding Ambedkar","2323100007","DSE","1","1"
"B.A. (V.S.) Insurance Management","3","Indian Economic Environment","6132352303","DSC","1","0"
"B.A. (V.S.) Insurance Management","5","Agriculture and Crop Insurance","6133350030","DSE","1","0"
"B.A. (V.S.) Insurance Management","5","Applied Game Theory","6133350033","DSE","1","0"
"B.A. (V.S.) Insurance Management","5","Consumer Behaviour and Sales Management","6133350029","DSE","1","0"
"B.A. (V.S.) Insurance Management","5","Fundamentals of Investment","6132353502","DSC","1","0"
"B.A. (V.S.) Insurance Management","5","Information Security and Cyber Laws","6133350032","DSE","1","0"
"B.A. (V.S.) Insurance Management","5","Introduction to Insurance","6134400012","GE","1","0"
"B.A. (V.S.) Insurance Management","5","Linear Programming","6133350031","DSE","1","0"
"B.A. (V.S.) Insurance Management","5","Marine Insurance","6132353503","DSC","1","0"
"B.A. (V.S.) Insurance Management","6","Basics of Life Insurance","6134000031","GE","1","0"
"B.A. (V.S.) Insurance Management","6","Basics of Non-Life Insurance","6134000032","GE","1","0"
"B.A. (V.S.) Insurance Management","6","Data Analysis","6133350036","DSE","1","0"
"B.A. (V.S.) Insurance Management","6","Digital Insurance","6133350035","DSE","1","0"
"B.A. (V.S.) Insurance Management","6","Strategic Management","6133350037","DSC","1","0"
"B.A. (V.S.) Insurance Management","7","Behavioral Insurance","6133350039","DSE","1","0"
"B.A. (V.S.) Insurance Management","7","Insurance Analytics","6133350040","DSE","1","0"
"B.A. (V.S.) Insurance Management","8","International Financial Management","6133350043","DSE","1","0"
"B.A. (V.S.) Modern Office Management","1","Business Organisation and Management","6132381103","DSC","1","0"
"B.A. (V.S.) Modern Office Management","3","Computer Application in Business-II","6132382303","DSC","1","0"
"B.A. (V.S.) Modern Office Management","5","Advanced Phonography-II","6132383501","DSC","1","0"
"B.A. (V.S.) Modern Office Management","5","Basic Financial Management","6132383503","DSC","1","0"
"B.A. (V.S.) Modern Office Management","5","Conflict Management","6133380014","DSE","1","0"
"B.A. (V.S.) Modern Office Management","5","Cyber crimes and Laws","6133380015","DSE","1","0"
"B.A. (V.S.) Modern Office Management","5","Entrepreneurial Development","6133380016","DSE","1","0"
"B.A. (V.S.) Modern Office Management","5","Knowledge Tradition of India","6133400005","DSE","1","0"
"B.A. (V.S.) Modern Office Management","5","Managerial Communication","6132383502","DSC","1","0"
"B.A. (V.S.) Small And Medium Enterprise","3","Indian Economic Environment","6132342303","DSC","1","0"
"B.A. (V.S.) Small And Medium Enterprise","5","Basics of Financial Management","6132393503","DSC","1","0"
"B.A. (V.S.) Small And Medium Enterprise","5","Brand Management","6133390036","DSE","1","0"
"B.A. (V.S.) Small And Medium Enterprise","5","Business Laws","6133390035","DSE","1","0"
"B.A. (V.S.) Small And Medium Enterprise","5","Firms in Globalizing World","6132343502","DSC","1","0"
"B.A. (V.S.) Small And Medium Enterprise","6","Accounting for Entrepreneurship","6134000030","GE","1","0"
"B.A. (V.S.) Small And Medium Enterprise","6","Advertising","6133390037","DSE","1","0"
"B.A. (V.S.) Small And Medium Enterprise","6","Corporate Laws","6133390040","DSE","1","0"
"B.A. (V.S.) Small And Medium Enterprise","6","Fundamentals of International Business","6133390039","DSE","1","0"
"B.A. (V.S.) Small And Medium Enterprise","6","MSMEs Policy Initiatives and Institutional Framework","6134000029","GE","1","0"
"B.A. (V.S.) Small And Medium Enterprise","7","E – Filling of GST and TDS Returns","6133390042","DSE","1","0"
"B.A. (V.S.) Small And Medium Enterprise","7","Green and Sustainable Business Practices in MSMEs","6133390043","DSE","1","0"
"B.A. (V.S.) Small And Medium Enterprise","7","Research Methodology in MSMEs","6133390051","DSE","1","0"
"B.A. (V.S.) Small And Medium Enterprise","8","Economics of Startups","6133360049","DSE","1","0"
"B.A. (V.S.) Small And Medium Enterprise","8","Intellectual Property Rights and Law for MSMEs","6133390054","DSE","1","0"
"B.A. (V.S.) Small And Medium Enterprise","8","Practical Aspects of Entrepreneurship in MSMEs","6133390045","DSE","1","0"
"B.A. (V.S.) Small And Medium Enterprise","8","Startup Creation and Business Plan Development","6133390046","DSE","1","0"
"B.A.(V.S.) Tourism Management","3","Historical Tourism: Archaeology, Art and Architecture","6132402303","DSC","1","0"
"B.A.(V.S.) Tourism Management","5","Air Transport and Airport Management","6132403503","DSC","1","0"
"B.A.(V.S.) Tourism Management","5","Aviation Industry Management","6133400001","DSE","1","0"
"B.A.(V.S.) Tourism Management","5","Destination Management","6132403502","DSC","1","0"
"B.A.(V.S.) Tourism Management","5","Front Office Management","6133400002","DSE","1","0"
"B.A.(V.S.) Tourism Management","5","Geography of Travel and Tourism","6133400003","DSE","1","0"
"B.A.(V.S.) Tourism Management","5","Knowledge Traditions of India","6133400005","DSE","1","0"
"B.A.(V.S.) Tourism Management","5","Managing People","6133400004","DSE","1","0"
"B.A.(V.S.) Tourism Management","5","Tourism Business Environment","614300016","GE","1","0"
"B.A.(V.S.) Tourism Management","5","Tourism: An Introduction","613400015","GE","1","0"
"B.A.(V.S.) Tourism Management","6","Ethics And Corporate Governance","6133400008","DSE","2","0"
"B.A.(V.S.) Tourism Management","6","International Tourism Management","6134000022","GE","1","0"
"B.A.(V.S.) Tourism Management","7","Cinema and History: India on the Silver screen","To","DSE","7","0"
"B.A.(V.S.) Tourism Management","7","Introduction to Archaeology and Historic Architecture","6133400012","DSE","1","0"
"B.Com (P)","","Business Research Methodology","2413080026","DSE","3","10"
"B.Com (P)","1","Business Laws","2412091102","DSC","6","4"
"B.Com (P)","1","Business organisation and management","2412091101","DSC","5","2"
"B.Com (P)","1","Financial Accounting","2412091103","DSC","5","1"
"B.Com (P)","2","Company Law","2412091202","DSC","5","3"
"B.Com (P)","2","Corporate Accounting","2412091201","DSC","4","2"
"B.Com (P)","2","Human Resource Management","2412091203","DSC","8","1"
"B.Com (P)","3","Business Statistics","2412092301","DSC","4","0"
"B.Com (P)","3","Financial Management","2412092302","DSC","3","1"
"B.Com (P)","3","Principles of Marketing","2412092303","DSC","9","0"
"B.Com (P)","4","Cost Accounting","2412092402","DSC","7","3"
"B.Com (P)","4","Entrepreneurship and New venture planning","2412092401","DSC","4","4"
"B.Com (P)","4","International Business","2412092403","DSC","8","2"
"B.Com (P)","5","Business Economics","2412093502","DSC","3","0"
"B.Com (P)","5","Business Mathematics","2413090004","DSE","4","1"
"B.Com (P)","5","Communication in Management","2414000028","GE","1","4"
"B.Com (P)","5","Computer Applications in Business","2414000022","GE","4","1"
"B.Com (P)","5","Ethics and Governance","2414000020","GE","1","4"
"B.Com (P)","5","Finance for Everyone","2414001006","GE","5","5"
"B.Com (P)","5","Financial Markets and Institutions","2413090002","DSE","1","1"
"B.Com (P)","5","Income Tax Law and Practice","2412093501","DSC","3","2"
"B.Com (P)","5","Management Accounting","2412093503","DSC","5","0"
"B.Com (P)","5","Marketing for Beginners","2414001007","GE","1","4"
"B.Com (P)","5","Organisational Behaviour","2413090001","DSE","2","1"
"B.Com (P)","5","Project Management","2414000018","GE","3","1"
"B.Com (P)","6","Advertising","2413080023","DSE","3","5"
"B.Com (P)","6","Business Analytics","2412093601","DSC","1","2"
"B.Com (P)","6","Business Organisation","2414001004","GE","7","4"
"B.Com (P)","6","Corporate Governance","2412093602","DSC","2","2"
"B.Com (P)","6","E-Filling of Returns","2414000034","GE","1","8"
"B.Com (P)","6","Financial Management for Beginners","2414001203","GE","1","3"
"B.Com (P)","6","Fundamentals of Investment","2413090012","DSE","7","3"
"B.Com (P)","6","Goods & Services Tax (GST) and Customs Law","2412093603","DSC","5","0"
"B.Com (P)","7","Business and Macroeconomic Policy","2412094701","DSC","1","1"
"B.Com (P)","7","Corporate Tax Planning","2413090020","DSE","2","1"
"B.Com (P)","7","E-Commerce","2414090006","GE","2","2"
"B.Com (P)","7","Indian Ethos and Management","2414090004","GE","1","0"
"B.Com (P)","7","International Finance","2413090017","DSE","2","0"
"B.Com (P)","7","People Management","2414090005","GE","1","0"
"B.Com (P)","7","Performance Management","2413090016","DSE","2","1"
"B.Com (P)","7","Retail Management","2413090019","DSE","1","3"
"B.Com (P)","8","Brand Management","2413090030","DSE","1","2"
"B.Com (P)","8","Learning and Development in Organisations","2413090024","DSE","2","2"
"B.Com (P)","8","Legal Aspects of Business","2414090012","GE","3","0"
"B.Com (P)","8","The Economy of Bharat","2412094801","DSC","1","1"
"B.Com (P)","8","Workplace Diversity","2414090009","GE","2","1"
"B.Com. (Hons.)","","Business Research Methodology","2413080026","DSE","1","10"
"B.Com. (Hons.)","1","Business Laws","2412081102","DSC","6","1"
"B.Com. (Hons.)","1","Business Organisation","2414001004","GE","2","4"
"B.Com. (Hons.)","1","Finance for Everyone","2414001006","GE","1","5"
"B.Com. (Hons.)","1","Financial Accounting","2412081103","DSC","5","0"
"B.Com. (Hons.)","1","Management Principles and Applications","2412081101","DSC","7","1"
"B.Com. (Hons.)","2","Communication in Management","2414001201","GE","4","11"
"B.Com. (Hons.)","2","Company Law","2412081202","DSC","4","5"
"B.Com. (Hons.)","2","Corporate Accounting","2412081201","DSC","6","1"
"B.Com. (Hons.)","2","Financial Management for Beginners","2414001202","GE","1","8"
"B.Com. (Hons.)","2","Human Resource Management","2412081203","DSC","8","0"
"B.Com. (Hons.)","2","Sales Promotion","2414001203","GE","1","3"
"B.Com. (Hons.)","3","Brand Management","2413082003","DSE","2","0"
"B.Com. (Hons.)","3","Business Mathematics","2412082301","DSC","7","2"
"B.Com. (Hons.)","3","Financial Management","2412082302","DSC","6","0"
"B.Com. (Hons.)","3","Financial Markets and Institutions","2413082002","DSE","5","0"
"B.Com. (Hons.)","3","Financial Reporting Analysis & Valuation","2413082004","DSE","1","0"
"B.Com. (Hons.)","3","Financial Statement Analysis","2414002004","GE","1","2"
"B.Com. (Hons.)","3","General Management","2414002001","GE","1","3"
"B.Com. (Hons.)","3","Investing in Stock Markets","2414002003","GE","3","2"
"B.Com. (Hons.)","3","Organisational Behaviour","2413082001","DSE","1","1"
"B.Com. (Hons.)","3","Principles of Marketing","2412082303","DSC","6","1"
"B.Com. (Hons.)","4","Accounting for Managerial Decision Making","2414002008","GE","3","3"
"B.Com. (Hons.)","4","Basics of Organisation Behaviour","2414002005","GE","3","6"
"B.Com. (Hons.)","4","Business Statistics","2412082401","DSC","5","2"
"B.Com. (Hons.)","4","Cost Accounting","2412082402","DSC","4","2"
"B.Com. (Hons.)","4","Fundamentals of International Business","2414002009","GE","2","3"
"B.Com. (Hons.)","4","International Business","2412082403","DSC","3","2"
"B.Com. (Hons.)","4","Investment Management","2413082006","DSE","3","1"
"B.Com. (Hons.)","4","Personal Financial Planning","2414002006","GE","3","3"
"B.Com. (Hons.)","4","Sustainability Marketing","2413082007","DSE","2","2"
"B.Com. (Hons.)","5","Auditing","2413080015","DSE","1","1"
"B.Com. (Hons.)","5","Business Economics","2412083502","DSC","4","0"
"B.Com. (Hons.)","5","Business Tax Procedures and Management","2413090018","DSE","1","2"
"B.Com. (Hons.)","5","Consumer Affairs and Sovereignty","2413080013","DSE","1","2"
"B.Com. (Hons.)","5","Digital Marketing","2414000019","GE","3","1"
"B.Com. (Hons.)","5","Fundamentals of Human Resource Management","2414000017","GE","2","1"
"B.Com. (Hons.)","5","Income Tax Law and Practice","2412083501","DSC","3","2"
"B.Com. (Hons.)","5","International Finance","2413080012","DSE","1","2"
"B.Com. (Hons.)","5","Management Accounting","2412083503","DSC","3","1"
"B.Com. (Hons.)","6","Business Analytics","2412083601","DSC","2","3"
"B.Com. (Hons.)","6","Corporate Governance","2412083602","DSC","3","3"
"B.Com. (Hons.)","6","E-Filing of Returns","2414000034","GE","1","8"
"B.Com. (Hons.)","6","Goods and Services Tax(GST) and Customs Law","2412083603","DSC","3","3"
"B.Com. (Hons.)","6","Leadership Development","2414000031","GE","1","2"
"B.Com. (Hons.)","7","Entrepreneurship Development","2413080030","DSE","1","0"
"B.Com. (Hons.)","7","Hedging Financial Products: Futures, Options and Swaps","2413080018","DSE","1","1"
"B.Com. (Hons.)","7","Indian Ethos and Management","2414090004","GE","1","0"
"B.Com. (Hons.)","7","People Management","2414090005","GE","1","0"
"B.Com. (Hons.)","8","Financial Risk Management","2413080034","DSE","1","1"
"B.Com. (Hons.)","8","Legal Aspects of Business","2414090012","GE","1","0"
"B.Sc (hons) Chemistry","","Analytical Methods in Chemistry","2173012016","DSE","1","3"
"B.Sc (hons) Chemistry","","Atomic Structure and Chemical Bonding","2174001001","GE","14","10"
"B.Sc (hons) Chemistry","","Basic Concepts of Organic Chemistry","2174001002","GE","5","11"
"B.Sc (hons) Chemistry","","Bioinorganic Chemistry","2174001003","GE","4","5"
"B.Sc (hons) Chemistry","","Carbohydrates, Lipids, and Heterocyclic Compounds","2172012402","DSC","6","3"
"B.Sc (hons) Chemistry","","Chemistry and Society","2174001004","GE","1","5"
"B.Sc (hons) Chemistry","","Chemistry of Oxygen-Containing Functional Groups and Their Applications to Biology","2174001204","GE","1","8"
"B.Sc (hons) Chemistry","","Chemistry of s- and p-Block Elements","2172011201","DSC","14","1"
"B.Sc (hons) Chemistry","","Computational Methods and Molecular Modelling","2173012018","DSE","2","4"
"B.Sc (hons) Chemistry","","Coordination Chemistry and Reaction Mechanism","2172012401","DSC","6","3"
"B.Sc (hons) Chemistry","","Electrochemical Cells, Chemical Kinetics, and Catalysis","2172012403","DSC","6","2"
"B.Sc (hons) Chemistry","","Energy and the Environment","2174001211","GE","2","8"
"B.Sc (hons) Chemistry","","Fundamentals of Solid-State and Materials Chemistry","2173550014","DSE","1","2"
"B.Sc (hons) Chemistry","","Green Chemistry","2174001201","GE","3","10"
"B.Sc (hons) Chemistry","","Haloalkanes, Arenes, Haloarenes, Alcohols, Phenols, Ethers, and Epoxides","2172011202","DSC","4","3"
"B.Sc (hons) Chemistry","","Inorganic Materials of Industrial Importance","2173012002","DSE","2","3"
"B.Sc (hons) Chemistry","","Molecules of Life","2174001206","GE","5","8"
"B.Sc (hons) Chemistry","","Novel Inorganic Solids","2173010008","DSE","1","2"
"B.Sc (hons) Chemistry","","Nuclear and Environmental Chemistry","2173012010","DSE","1","3"
"B.Sc (hons) Chemistry","","Photochemistry and Spectroscopy","2172013603","DSC","4","2"
"B.Sc (hons) Chemistry","","Polynuclear Hydrocarbons, Photochemistry, Pericyclic Reactions, and Spectroscopy of Organic Compounds","2172013602","DSC","4","2"
"B.Sc (hons) Chemistry","","Principles of Qualitative Analysis and Bioinorganic Chemistry","2172013601","DSC","4","3"
"B.Sc (hons) Chemistry","","Reactions, Reagents, and Chemical Process","2173012011","DSE","5","2"
"B.Sc (hons) Chemistry","","Research Methodology for Chemists","Sem","DSE","1","3"
"B.Sc (hons) Chemistry","","States of Matter","2174001011","GE","5","11"
"B.Sc (hons) Chemistry","","Statistical Methods and Data Analysis","2174001007","GE","1","0"
"B.Sc (hons) Chemistry","","Transition Metal Clusters: Introduction and Applications","2173550008","DSE","2","1"
"B.Sc (hons) Chemistry","1","Atomic Structure and Chemical Bonding (Inorganic Chemistry–I)","2172011101","DSC","5","2"
"B.Sc (hons) Chemistry","1","Basic Concepts and Aliphatic Hydrocarbons (Organic Chemistry–I)","2172011102","DSC","5","3"
"B.Sc (hons) Chemistry","1","Gaseous and Liquid State (Physical Chemistry–I)","2172011103","DSC","8","2"
"B.Sc (hons) Chemistry","2","Chemical Thermodynamics and Its Applications","2172011203","DSC","5","1"
"B.Sc (hons) Chemistry","3","Carbonyls, Carboxylic Acids, Amines, Nitro Compounds, Nitriles, Isonitriles, and Diazonium Salts","2172012302","DSC","4","1"
"B.Sc (hons) Chemistry","3","Chemical Equilibrium, Ionic Equilibrium, Conductance, and Solid State","2172012303","DSC","5","0"
"B.Sc (hons) Chemistry","3","Chemistry of d- and f-Block Elements and Quantitative Inorganic Analysis","2172012301","DSC","7","0"
"B.Sc (hons) Chemistry","3","Green Chemistry in Organic Synthesis","2173012003","DSE","2","2"
"B.Sc (hons) Chemistry","3","Solutions, Colligative Properties, Phase Equilibria, and Adsorption","2173012005","DSE","1","1"
"B.Sc (hons) Chemistry","5","Applications of Computers in Chemistry","2173010006","DSE","1","2"
"B.Sc (hons) Chemistry","5","Applied Organic Chemistry","2173010009","DSE","2","1"
"B.Sc (hons) Chemistry","5","Basics of Organometallic Chemistry","2172013501","DSC","3","2"
"B.Sc (hons) Chemistry","5","Nucleic Acids, Amino Acids, Proteins, and Enzymes","2172013502","DSC","4","0"
"B.Sc (hons) Chemistry","5","Quantum Chemistry and Chemical Bonding","2172013503","DSC","3","1"
"B.Sc (hons) Chemistry","6","Basic Principles of Food Chemistry","2173012017","DSE","1","4"
"B.Sc (hons) Chemistry","7","Main Group Clusters: Basics and Applications","2173010037","DSE","1","1"
"B.Sc (hons) Chemistry","7","Mathematical Methods in Chemistry","2173550012","DSE","1","0"
"B.Sc (Hons) Geology","","Application of thermodynamics in petrology","2193010007","DSE","1","0"
"B.Sc (Hons) Geology","","Concepts of Sustainability","2194000006","GE","1","0"
"B.Sc (Hons) Geology","","Earthquake Geology","2193010014","DSE","1","0"
"B.Sc (Hons) Geology","","Fossils and Applications","2194002001","GE","1","0"
"B.Sc (Hons) Geology","","Geoheritage and Geotourism","2194000017","GE","1","0"
"B.Sc (Hons) Geology","","Marine microfossils and biostratigraphy","2193010013","DSE","1","0"
"B.Sc (Hons) Geology","","Natural Hazards and Mitigation","2194012004","GE","1","0"
"B.Sc (Hons) Geology","","Paleoseismology","2193012004","DSE","1","0"
"B.Sc (Hons) Geology","","Surveying Techniques","2193012002","DSE","1","0"
"B.Sc (Hons) Geology","3","Earth Surface Processes","2193012001","DSE","1","0"
"B.Sc (Hons) Geology","3","Metamorphic Geology","2192012303","DSC","1","0"
"B.Sc (Hons) Geology","3","Palaeontology","2192012301","DSC","1","0"
"B.Sc (hons) Statistics","3","MATHEMATICAL ANALYSIS","2372012303","DSC","1","0"
"B.Sc (hons) Statistics","3","OPTIMIZATION TECHNIQUES","2373012001","DSE","1","0"
"B.Sc (hons) Statistics","3","PSYCHOLOGICAL AND EDUCATIONAL STATISTICS","2373012002","DSE","1","0"
"B.Sc (hons) Statistics","3","SAMPLE SURVEYS","2372012301","DSC","2","0"
"B.Sc (hons) Statistics","4","COMPUTER PROGRAMMING IN C","2373012003","DSE","1","0"
"B.Sc (hons) Statistics","5","LINEAR MODELS","2372013502","DSC","1","0"
"B.Sc (hons) Statistics","6","ORDER STATISTICS AND ITS APPLICATIONS","2373010012","DSE","1","0"
"B.Sc (hons) Statistics","6","Statistics in Actuaries","2374000009","GE","1","0"
"B.Sc (hons) Statistics","7","INTRODUCTION TO BAYESIAN INFERENCE","2374000018","GE","1","0"
"B.Sc (hons) Statistics","8","ORDER STATISTICS","2374000022","GE","1","0"
"B.Sc. (Hons.) Botany","","Advanced tools & Analytical Techniques in Plant Biology","2162013603","DSC","6","2"
"B.Sc. (Hons.) Botany","","Advances in Genetics, Genomics and Plant Breeding","2163010021","DSE","1","2"
"B.Sc. (Hons.) Botany","","Applied Phycology","2163012003","DSE","2","2"
"B.Sc. (Hons.) Botany","","Development al Biology of Angiosperms: Form, Anatomy & Function","2162012403","DSC","3","2"
"B.Sc. (Hons.) Botany","","Ethanobotany","2164001204","GE","4","4"
"B.Sc. (Hons.) Botany","","Genomics, Proteomics and Bioinformatics","2163010022","DSE","2","2"
"B.Sc. (Hons.) Botany","","Immunological Concepts and Applications in Plant Science","2163010020","DSE","2","2"
"B.Sc. (Hons.) Botany","","Intelligent Systems in Plants","2164001202","GE","1","8"
"B.Sc. (Hons.) Botany","","Microbiology and Plant- Microbe Interactions","2162011201","DSC","9","1"
"B.Sc. (Hons.) Botany","","Mycology","2162012401","DSC","9","2"
"B.Sc. (Hons.) Botany","","Plant Biochemistry and Metabolism","2162013602","DSC","5","2"
"B.Sc. (Hons.) Botany","","Plant Biotechnology","2164002003","GE","3","4"
"B.Sc. (Hons.) Botany","","Plant Biotechnology","2162013601","DSC","4","3"
"B.Sc. (Hons.) Botany","","Plant Diversity and Human Welfare","2164001001","GE","3","5"
"B.Sc. (Hons.) Botany","","Plant Resources and Economic Botany","2162011202","DSC","9","3"
"B.Sc. (Hons.) Botany","","Plant Stress Biology","2163010024","DSE","3","2"
"B.Sc. (Hons.) Botany","","Research methodology","2163010009","DSE","1","5"
"B.Sc. (Hons.) Botany","1","Basic Laboratory and Field Skills in Plant Biology","2162011103","DSC","8","1"
"B.Sc. (Hons.) Botany","1","Biofertilizers","2164001002","GE","9","3"
"B.Sc. (Hons.) Botany","1","Cell Biology: Organelles and Biomolecules","2162011102","DSC","6","2"
"B.Sc. (Hons.) Botany","1","Plant Diversity and Evolution","2162011101","DSC","6","2"
"B.Sc. (Hons.) Botany","2","Basic Laboratory and Field Skills in Plant Biology and Allied Sciences","2164001004","GE","1","1"
"B.Sc. (Hons.) Botany","2","Plant Systematics","2162011203","DSC","10","2"
"B.Sc. (Hons.) Botany","3","Biostatistics & Bioinformatics for Plant Sciences","2163012002","DSE","1","0"
"B.Sc. (Hons.) Botany","3","Bryophytes, Pteridophytes and Gymnosperms","2162012302","DSC","4","1"
"B.Sc. (Hons.) Botany","3","Evolutionary Biology of Plants","2163012001","DSE","1","0"
"B.Sc. (Hons.) Botany","3","Genetics & Plant Breeding","2162012303","DSC","8","0"
"B.Sc. (Hons.) Botany","3","Phycology -The World of Algae","2162012301","DSC","7","0"
"B.Sc. (Hons.) Botany","4","Ecology and Conservation","2162012402","DSC","7","1"
"B.Sc. (Hons.) Botany","4","Plant Health & Disease Diagnostics","2164002006","GE","2","1"
"B.Sc. (Hons.) Botany","5","Molecular Biology of the Cell","2162013501","DSC","6","3"
"B.Sc. (Hons.) Botany","5","Natural Resource Management","2163013006","DSE","1","2"
"B.Sc. (Hons.) Botany","5","Plant Physiology","2162013503","DSC","7","1"
"B.Sc. (Hons.) Botany","5","Reproductive Biology of Angiosperms","2162013502","DSC","3","0"
"B.Sc. (Hons.) Environmental Science","1","Environmental Physics","2182011102","DSC","8","3"
"B.Sc. (Hons.) Environmental Science","3","Bioprospecting","2183012004","DSE","1","0"
"B.Sc. (Hons.) Environmental Science","3","Environmental Biotechnology","2182012301","DSC","2","0"
"B.Sc. (Hons.) Environmental Science","3","Environmental Economics","2183012001","DSE","1","0"
"B.Sc. (Hons.) Environmental Science","3","Environmental Modelling","2183012003","DSE","1","0"
"B.Sc. (Hons.) Environmental Science","3","Marine Ecology","2182012303","DSC","1","0"
"B.Sc. (Hons.) Environmental Science","3","Solid Waste Management","2183012002","DSE","1","0"
"B.Sc. (Hons.) Environmental Science","4","Bioinformatics & Environment","2183012006","DSE","1","0"
"B.Sc. (Hons.) Environmental Science","4","Data Analytics for Environmental Sustainability","2183012007","DSE","1","0"
"B.Sc. (Hons.) Environmental Science","4","Ecosystem Monitoring","2183012010","DSE","1","0"
"B.Sc. (Hons.) Environmental Science","4","Ecosystem Stewardship","2183012012","DSE","1","0"
"B.Sc. (Hons.) Environmental Science","4","Green Urbanization","2183012013","DSE","1","0"
"B.Sc. (Hons.) Environmental Science","4","Introduction to Oceanography","2183012009","DSE","1","0"
"B.Sc. (Hons.) Environmental Science","5","Environmental Engineering","2183010014","DSE","1","0"
"B.Sc. (Hons.) Environmental Science","5","Water Treatment Technologies","2183010013","DSE","1","0"
"B.Sc. (Hons.) Environmental Science","5","Watershed Management","2183010011","DSE","1","0"
"B.Sc. (Hons.) Environmental Science","5","Wetland Construction and Management","2183010012","DSE","1","0"
"B.Sc. (Hons.) Food Technology","1","Milk & Milk Products Technology","2202031103","DSC","1","0"
"B.Sc. (Hons.) Food Technology","3","Cereals, Pulses & Oilseed Processing Technology","2202032303","DSC","1","0"
"B.Sc. (Hons.) Food Technology","3","Meat and Fish Processing Technology","2202032301","DSC","1","0"
"B.Sc. (Hons.) Food Technology","4","Agribusiness Management","2203032003","DSE","1","0"
"B.Sc. (Hons.) Food Technology","5","Food Engineering II","2202033502","DSC","1","0"
"B.Sc. (Hons.) Food Technology","5","Traditional Indian Foods","2203030012","DSE","1","0"
"B.Sc. (Hons.) Home Science","3","Apparel Design and Construction Techniques","2203012004","DSE","1","0"
"B.Sc. (Hons.) Home Science","3","Communication Systems and Social Change","2202012303","DSC","1","0"
"B.Sc. (Hons.) Home Science","3","Fundamentals of Human Anatomy and Physiology","2203012002","DSE","1","0"
"B.Sc. (Hons.) Home Science","3","Human Development II: Middle Childhood and Adolescence","2202012301","DSC","1","0"
"B.Sc. (Hons.) Home Science","3","Media and Cultural Studies","2203012003","DSE","1","0"
"B.Sc. (Hons.) Home Science","3","Organization and Management of Children’s Institutions","2203012001","DSE","1","0"
"B.Sc. (Hons.) Home Science","5","Childhood in India","2203010012","DSE","1","0"
"B.Sc. (Hons.) Home Science","5","Design Thinking and Innovation","2203010020","DSE","1","0"
"B.Sc. (Hons.) Home Science","5","Dietetics and Public Health Nutrition I","2202013502","DSC","1","0"
"B.Sc. (Hons.) Home Science","5","New Media for Change","2203010016","DSE","1","0"
"B.Sc. (Hons.) Home Science","5","Social and Cultural Aspects of Nutrition","2203010014","DSE","1","0"
"B.Sc. (Hons.) Home Science","7","Advanced Interior Design","2203010039","DSE","1","0"
"B.Sc. (Hons.) Home Science","7","Education for Human Development","2203010025","DSE","1","0"
"B.Sc. (Hons.) Home Science","7","Historic Costumes","2203010034","DSE","1","0"
"B.Sc. (Hons.) Home Science","7","Information & Communication Technologies for Development","2203010033","DSE","1","0"
"B.Sc. (Hons.) Home Science","8","Design Application and Practices","2203010061","DSE","1","0"
"B.Sc. (Hons.) Home Science","8","Developmental Psychology for India","2203010042","DSE","1","0"
"B.Sc. (Hons.) Mathematics","","Abstract Algebra","2354000009","GE","1","4"
"B.Sc. (Hons.) Mathematics","","Advanced Group Theory","2352013601","DSC","3","3"
"B.Sc. (Hons.) Mathematics","","Advanced Linear Algebra","2352013602","DSC","3","2"
"B.Sc. (Hons.) Mathematics","","Calculus","2352011202","DSC","7","3"
"B.Sc. (Hons.) Mathematics","","Complex Analysis","2352013603","DSC","4","2"
"B.Sc. (Hons.) Mathematics","","Discrete Mathematics","2352012303","DSC","12","1"
"B.Sc. (Hons.) Mathematics","","Elements of Partial Differential Equations","2354000017","GE","1","4"
"B.Sc. (Hons.) Mathematics","","Geometry of Curves and Surfaces","2353010024","DSE","1","2"
"B.Sc. (Hons.) Mathematics","","Integral Equations and Calculus of Variations","2353010025","DSE","3","2"
"B.Sc. (Hons.) Mathematics","","Introduction to Linear Algebra","2354001202","GE","2","7"
"B.Sc. (Hons.) Mathematics","","Linear Algebra","2352011201","DSC","11","1"
"B.Sc. (Hons.) Mathematics","","Mathematical Modeling","2353012005","DSE","2","3"
"B.Sc. (Hons.) Mathematics","","Multivariate Calculus","2352012402","DSC","7","4"
"B.Sc. (Hons.) Mathematics","","Numerical Analysis","2352012403","DSC","6","2"
"B.Sc. (Hons.) Mathematics","","Optimization Techniques","2354000019","GE","2","2"
"B.Sc. (Hons.) Mathematics","","Research Methodology","2353010015","DSE","2","8"
"B.Sc. (Hons.) Mathematics","","Sequences and Series of Functions","2352012401","DSC","9","3"
"B.Sc. (Hons.) Mathematics","1","Algebra","2352011101","DSC","11","2"
"B.Sc. (Hons.) Mathematics","1","Elementary Real Analysis","2352011102","DSC","8","2"
"B.Sc. (Hons.) Mathematics","1","Fundamental of Calculus","2354001001","GE","3","1"
"B.Sc. (Hons.) Mathematics","1","Probability and Statistics","2352011103","DSC","7","1"
"B.Sc. (Hons.) Mathematics","2","Ordinary Differential Equations","2352011203","DSC","8","1"
"B.Sc. (Hons.) Mathematics","3","Differential Equations","2354002001","GE","1","3"
"B.Sc. (Hons.) Mathematics","3","Graph Theory","2353012001","DSE","1","1"
"B.Sc. (Hons.) Mathematics","3","Group Theory","2352012301","DSC","8","0"
"B.Sc. (Hons.) Mathematics","3","Mathematical Python","2353012002","DSE","1","1"
"B.Sc. (Hons.) Mathematics","3","Number Theory","2353012003","DSE","1","2"
"B.Sc. (Hons.) Mathematics","3","Riemann Integration","2352012302","DSC","6","1"
"B.Sc. (Hons.) Mathematics","4","Elements of Real Analysis","2354002003","GE","2","9"
"B.Sc. (Hons.) Mathematics","5","Linear Programming and Applications","2353010008","DSE","4","1"
"B.Sc. (Hons.) Mathematics","5","Mathematical Statistics","2353010009","DSE","3","1"
"B.Sc. (Hons.) Mathematics","5","Metric Spaces","2352013501","DSC","4","2"
"B.Sc. (Hons.) Mathematics","5","Partial Differential Equations","2352013503","DSC","5","1"
"B.Sc. (Hons.) Mathematics","5","Ring Theory","2352013502","DSC","9","0"
"B.Sc. (Hons.) Mathematics","7","Optimization","2353010020","DSE","1","1"
"B.Sc. (Hons.) Physical Education, Health Education & Sports","","Fitness and Wellness Management","2552053603","DSC","2","2"
"B.Sc. (Hons.) Physical Education, Health Education & Sports","","Fundamentals of Game I/II – Hockey","2552051110/2552051210","DSC","1","0"
"B.Sc. (Hons.) Physical Education, Health Education & Sports","","Game of Specialization I/II – Hockey","2553055030/2553050068","DSE","1","0"
"B.Sc. (Hons.) Physical Education, Health Education & Sports","","Game of Specialization I/II – Swimming","2553055036/2553050074","DSE","1","0"
"B.Sc. (Hons.) Physical Education, Health Education & Sports","","Game of Specialization I/II – Table Tennis","2553055038/2553050076","DSE","1","0"
"B.Sc. (Hons.) Physical Education, Health Education & Sports","","Game of Specialization I/II – Teaching and Coaching – Swimming","2553050054/2553050090","DSE","1","0"
"B.Sc. (Hons.) Physical Education, Health Education & Sports","","Game of Specialization I/II – Teaching and Coaching – Table Tennis","2553050056/2553050092","DSE","1","0"
"B.Sc. (Hons.) Physical Education, Health Education & Sports","","Game of Specialization I/II – Teaching and Coaching – Wrestling","2553050055/2553050091","DSE","1","0"
"B.Sc. (Hons.) Physical Education, Health Education & Sports","","Game of Specialization I/II – Volleyball","2553055034/2553050072","DSE","1","0"
"B.Sc. (Hons.) Physical Education, Health Education & Sports","","Game of Specialization I/II – Wrestling","2553055037/2553050075","DSE","1","0"
"B.Sc. (Hons.) Physical Education, Health Education & Sports","3","Exercise & Sports Psychology","2552052302","DSC","1","0"
"B.Sc. (Hons.) Physical Education, Health Education & Sports","3","Professional Preparation and Career Avenues in Physical Education and Sports","2552052316","DSC","2","0"
"B.Sc. (Hons.) Physical Education, Health Education & Sports","4","Exercise Prescription for Fitness and Health","2552052403","DSC","1","0"
"B.Sc. (Hons.) Physical Education, Health Education & Sports","5","Sports Facility Planning and Management","2553055040","DSE","1","0"
"B.Sc. (Hons.) Physical Education, Health Education & Sports","7","Applied Statistics in Sports","2553050058","DSE","1","0"
"B.Sc. (Hons.) Physical Education, Health Education & Sports","7","Ergogenic Aids and Doping in Sports and Fitness","2553055045","DSE","1","0"
"B.Sc. (Hons.) Zoology","","Animal Behaviour","2232012403","DSC","6","2"
"B.Sc. (Hons.) Zoology","","Animal Biotechnology","2232013601","DSC","9","3"
"B.Sc. (Hons.) Zoology","","Animal Cell Biotechnology","2234000007","GE","5","3"
"B.Sc. (Hons.) Zoology","","Comparative Anatomy of Vertebrates","2232012401","DSC","10","4"
"B.Sc. (Hons.) Zoology","","Concepts of Evolutionary Ecology","2234000032","GE","2","2"
"B.Sc. (Hons.) Zoology","","Developmental Biology","2232012402","DSC","8","3"
"B.Sc. (Hons.) Zoology","","Economic Zoology","2234001205","GE","4","4"
"B.Sc. (Hons.) Zoology","","Evolutionary Biology","2232013603","DSC","6","2"
"B.Sc. (Hons.) Zoology","","Exploring the Animal world","2234002004","GE","4","7"
"B.Sc. (Hons.) Zoology","","Food Nutrition & Health","2234002001","GE","1","3"
"B.Sc. (Hons.) Zoology","","Forensic Biology","2234000016","GE","2","3"
"B.Sc. (Hons.) Zoology","","Fundamentals of Biomolecules","2232011202","DSC","6","3"
"B.Sc. (Hons.) Zoology","","Insect Vector and Disease","2234002006","GE","3","5"
"B.Sc. (Hons.) Zoology","","Introduction to Biology","2234002002","GE","1","3"
"B.Sc. (Hons.) Zoology","","Lifestyle Disorders","2234001201","GE","5","4"
"B.Sc. (Hons.) Zoology","","Methods in Biostatistics","2232013602","DSC","2","2"
"B.Sc. (Hons.) Zoology","","Model Organisms in Research","2234000014","GE","1","3"
"B.Sc. (Hons.) Zoology","","NonChordata: Coelomates","2232011201","DSC","6","1"
"B.Sc. (Hons.) Zoology","","Parasitology","2233012008","DSE","2","2"
"B.Sc. (Hons.) Zoology","","Research Methodology for Zoology","2233010017","DSE","1","4"
"B.Sc. (Hons.) Zoology","1","Biology of Cell: Structure and Function","2232013502","DSC","13","2"
"B.Sc. (Hons.) Zoology","1","Concept of Ecology","2232012303","DSC","8","2"
"B.Sc. (Hons.) Zoology","1","Human Physiology","2234001001","GE","4","3"
"B.Sc. (Hons.) Zoology","1","Nature and Wildlife Studies","2234001002","GE","1","2"
"B.Sc. (Hons.) Zoology","1","Nonchordata – Protists to Pseudocoelomates","2232011101","DSC","7","2"
"B.Sc. (Hons.) Zoology","2","Human Physiology Control and Coordination Systems","2232011203","DSC","5","1"
"B.Sc. (Hons.) Zoology","3","Agrochemicals & Pest Management","2233012002","DSE","1","0"
"B.Sc. (Hons.) Zoology","3","Diversity of Chordates","2232012301","DSC","11","0"
"B.Sc. (Hons.) Zoology","3","Wildlife Conservation & Management","2233012004","DSE","1","1"
"B.Sc. (Hons.) Zoology","4","Microbiota: Importance in Health and Disease","2234002005","GE","2","2"
"B.Sc. (Hons.) Zoology","5","Biology of Insecta","2233010012","DSE","1","1"
"B.Sc. (Hons.) Zoology","5","Concept of Animal Behaviour","2234000009","GE","3","3"
"B.Sc. (Hons.) Zoology","5","Fundamentals of Genetics","2232013503","DSC","3","1"
"B.Sc. (Hons.) Zoology","5","Principles of Immunology","2232013501","DSC","5","2"
"B.Sc. (Hons.) Zoology","7","Biology of Animal Cells","2234000018","GE","2","1"
"B.Sc. (Hons.) Zoology","7","Concepts of Human Metabolism","2234000020","GE","1","0"
"B.Sc. (Hons.) Zoology","7","Principles of Developmental Biology","2234000017","GE","1","1"
"B.Sc. (Hons) Biological Sciences","3","Applied Entomology","6793012003","DSE","1","0"
"B.Sc. (Hons) Biological Sciences","3","Functional Ecology","6792012301","DSC","1","0"
"B.Sc. (Hons) Biological Sciences","3","Hormone Biochemistry","6793012002","DSE","1","0"
"B.Sc. (Hons) Biological Sciences","3","Medicinal and Ethnobotany","6793012001","DSE","1","0"
"B.Sc. (Hons) Biological Sciences","3","Protein Structure and Enzymology","6792012303","DSC","1","0"
"B.Sc. (Hons) Biological Sciences","4","Conservation and Management of Wildlife","6793012006","DSE","1","0"
"B.Sc. (Hons) Biological Sciences","4","Human Nutrition and Biochemistry","6793012005","DSE","1","0"
"B.Sc. (Hons) Biological Sciences","4","Natural Resources and Their Sustainable Utilization","6793012004","DSE","1","0"
"B.Sc. (Hons) Biological Sciences","5","Plant Resource Utilization","6793010007","DSE","1","0"
"B.Sc. (Hons) Biological Sciences","6","Plant Development and Anatomy","6793010010","DSE","1","0"
"B.Sc. (Hons) Computer Science","","Artificial Intelligence","2342012305","DSC","2","11"
"B.Sc. (Hons) Computer Science","","Blockchain and its Applications","2343010030","DSE","1","2"
"B.Sc. (Hons) Computer Science","","Computer Networks","2342012403","DSC","9","2"
"B.Sc. (Hons) Computer Science","","Computer Networks","2344000020","GE","3","3"
"B.Sc. (Hons) Computer Science","","Computer System Architecture","2344000023","GE","2","3"
"B.Sc. (Hons) Computer Science","","Data Analysis and Visualization using Python","2344001201","GE","8","3"
"B.Sc. (Hons) Computer Science","","Data Analysis and Visualization using Python","2343010035","DSE","1","3"
"B.Sc. (Hons) Computer Science","","Data Analysis and Visualization using Spreadsheet","2344001202","GE","2","2"
"B.Sc. (Hons) Computer Science","","Data Privacy","2343010010","DSE","5","4"
"B.Sc. (Hons) Computer Science","","Data Structures","2342012301","DSC","10","12"
"B.Sc. (Hons) Computer Science","","Database Management Systems","2342012402","DSC","5","3"
"B.Sc. (Hons) Computer Science","","Design & Analysis of Algorithms","2342012401","DSC","4","3"
"B.Sc. (Hons) Computer Science","","Discrete Mathematical Structures","2342011202","DSC","5","3"
"B.Sc. (Hons) Computer Science","","Ethical Hacking","2343010018","DSE","3","6"
"B.Sc. (Hons) Computer Science","","Machine Learning","2342013502","DSE","3","9"
"B.Sc. (Hons) Computer Science","","Natural Language Processing","2343010029","DSE","3","2"
"B.Sc. (Hons) Computer Science","","Network Security","2343012007","DSE","1","1"
"B.Sc. (Hons) Computer Science","","Programming using C++","2342011204","DSC","1","1"
"B.Sc. (Hons) Computer Science","","Reinforcement Learning","2343010023","DSE","3","1"
"B.Sc. (Hons) Computer Science","","Research Methodology","2343010020","DSE","8","7"
"B.Sc. (Hons) Computer Science","1","Computer System Architecture","2342011102","DSC","7","3"
"B.Sc. (Hons) Computer Science","1","Mathematics for Computing","2342011103","DSC","6","1"
"B.Sc. (Hons) Computer Science","1","Object Oriented Programming using Python","2342011104","DSC","3","2"
"B.Sc. (Hons) Computer Science","1","Programming Using C++","2344001101","GE","18","5"
"B.Sc. (Hons) Computer Science","2","Probability for Computing","2342011203","DSC","4","1"
"B.Sc. (Hons) Computer Science","3","Android Programming using Java","2343012004","DSE","3","0"
"B.Sc. (Hons) Computer Science","3","Database Management Systems","2344002001","GE","7","3"
"B.Sc. (Hons) Computer Science","3","JAVA Programming","2344002002","GE","1","2"
"B.Sc. (Hons) Computer Science","3","Operating Systems","2342012302","DSC","5","1"
"B.Sc. (Hons) Computer Science","4","Combinatorial Optimization","2343012006","DSE","2","0"
"B.Sc. (Hons) Computer Science","4","Data Structures","2344002003","GE","1","2"
"B.Sc. (Hons) Computer Science","4","Introduction to Web Programming","2343012008","DSE","2","1"
"B.Sc. (Hons) Computer Science","5","Advanced Web Programming","2344000006","GE","1","1"
"B.Sc. (Hons) Computer Science","5","Algorithms and Advanced Data Structures","2342013501","DSC","3","2"
"B.Sc. (Hons) Computer Science","5","Data Mining I","2343010013","DSE","1","1"
"B.Sc. (Hons) Computer Science","5","Java Based Web App Development","2344000007","GE","1","0"
"B.Sc. (Hons) Computer Science","5","Operating Systems","2344000005","GE","2","1"
"B.Sc. (Hons) Computer Science","5","Software Engineering","2342013503","DSC","2","1"
"B.Sc. (Hons) Computer Science","5","Web Design and Development","2343010012","DSE","1","1"
"B.Sc. (Hons) Computer Science","6","Computer Graphics","2343010016","DSC","2","3"
"B.Sc. (Hons) Computer Science","7","Digital Image Processing","2343010027","DSE","1","1"
"B.Sc. (Hons) Computer Science","7","Machine Learning","2343010026","DSE","2","1"
"B.Sc. (Hons) Instrumentation","1","Engineering Physics (INGE1B)","2514001002","GE","1","0"
"B.Sc. (Hons) Instrumentation","1","Fundamentals of Instrumentation (INGE1A)","2514001004","GE","1","0"
"B.Sc. (Hons) Instrumentation","2","MATLAB and its Applications","2514001203","GE","1","0"
"B.Sc. (Hons) Instrumentation","2","Sensors and Its Applications","2514001204","GE","1","0"
"B.Sc. (Hons) Instrumentation","3","Analytical Instrumentation-I (INDSC3A)","2512042301","DSC","2","0"
"B.Sc. (Hons) Instrumentation","3","Industrial and environmental techniques (INGE3B)","2514002004","GE","1","0"
"B.Sc. (Hons) Instrumentation","3","Mathematical techniques for Instrumentation (INDSC3C)","2512042303","DSC","1","0"
"B.Sc. (Hons) Instrumentation","3","Programming Using MATLAB (INDSE3C)","2513042003","DSE","1","0"
"B.Sc. (Hons) Instrumentation","3","Signals and Systems (INDSE3A)","2513042001","DSE","1","0"
"B.Sc. (Hons) Instrumentation","3","VHDL Programming (INDSE3B)","2513042002","DSE","1","0"
"B.Sc. (Hons) Instrumentation","3","Virtual Instrumentation (INGE3A)","2514002003","GE","1","0"
"B.Sc. (Hons) Instrumentation","4","Linear Integrated Circuits (INDSE4A)","2513042004","DSE","1","0"
"B.Sc. (Hons) Instrumentation","4","Nuclear and Biomedical Instrumentation (INGE4B)","2514002008","GE","1","0"
"B.Sc. (Hons) Instrumentation","4","Signal and image processing (INGE4A)","2514002007","GE","1","0"
"B.Sc. (Hons) Instrumentation","4","Statistical Tools and Techniques (INDSE4B)","2513042005","DSE","1","0"
"B.Sc. (Hons) Instrumentation","5","Computer Aided Design (INDSE5C)","2513040012","DSE","1","0"
"B.Sc. (Hons) Instrumentation","5","Essentials of microprocessor 8085 & 8086 (INDSC5B)","2512043502","DSC","1","0"
"B.Sc. (Hons) Instrumentation","5","Industrial Safety Instruments (INGE5A)","2514000013","GE","1","0"
"B.Sc. (Hons) Instrumentation","5","Instruments for chemical analysis (INGE5B)","2514000014","GE","1","0"
"B.Sc. (Hons) Instrumentation","6","Artificial Intelligence (INDSE6A)","2513040013","DSE","1","0"
"B.Sc. (Hons) Instrumentation","6","Process Control Dynamics (INDSE6B)","2513040014","DSE","1","0"
"B.Sc. (Hons) Instrumentation","6","Standardization and Quality Control (INGE6A)","2514000024","GE","1","0"
"B.Sc. (Hons) Instrumentation","7","Advanced Electronic Instrumentation (INDSE7C)","2513040018","DSE","1","0"
"B.Sc. (Hons) Instrumentation","7","Instrumentation and Control (INGE7A)","2514000026","GE","1","0"
"B.Sc. (Hons) Instrumentation","7","Machine Intelligence","2514000028","GE","1","0"
"B.Sc. (Hons) Instrumentation","7","MEMS Technology and Applications (INDSE7G)","2513040023","DSE","1","0"
"B.Sc. (Hons) Instrumentation","7","Photovoltaic Technology and Applications (INGE7B)","2514000027","GE","1","0"
"B.Sc. (Hons) Instrumentation","8","3D Printing and Design (INGE8C)","2514000041","GE","1","0"
"B.Sc. (Hons) Instrumentation","8","Advanced Process Control (INDSE8E)","2513040028","DSE","1","0"
"B.Sc. (Hons) Instrumentation","8","Augmented and Virtual Reality (INGE8B)","2514000040","GE","1","0"
"B.Sc. (Hons) Instrumentation","8","Medical Image Processing and Healthcare Management (INDSE8B)","2513040025","DSE","1","0"
"B.Sc. (Hons) Instrumentation","8","Pneumatic and Hydraulic Systems (INDSE8F)","2513040029","DSE","1","0"
"B.Sc. (Hons) Instrumentation","8","Robotics (INGE8A)","2514000039","GE","1","0"
"B.Sc. (Hons) Instrumentation","8","Sustainable Energy Technologies (INDSE8G)","2513040030","DSE","1","0"
"B.Sc. (Hons) Physics","","Advanced Quantum Mechanics – I","2223010033","DSE","1","3"
"B.Sc. (Hons) Physics","","Advanced Quantum Mechanics – II","2223010038","DSE","2","2"
"B.Sc. (Hons) Physics","","Analog Electronics","2222012403","DSC","4","3"
"B.Sc. (Hons) Physics","","Applied Dynamics","2224002005","GE","1","0"
"B.Sc. (Hons) Physics","","Atomic, Molecular and Nuclear Physics","2222013602","DSC","3","2"
"B.Sc. (Hons) Physics","","Biological Physics","2224002003","GE","1","0"
"B.Sc. (Hons) Physics","","Electricity and Magnetism","2222011202","DSC","19","3"
"B.Sc. (Hons) Physics","","Electricity and Magnetism","2224001201","GE","2","4"
"B.Sc. (Hons) Physics","","Electrodynamics","2223010039","DSE","1","2"
"B.Sc. (Hons) Physics","","Introduction to Electronics","2224002001","GE","2","1"
"B.Sc. (Hons) Physics","","Mathematical Physics","2224001002","GE","2","2"
"B.Sc. (Hons) Physics","","Mathematical Physics II","2222011201","DSC","9","1"
"B.Sc. (Hons) Physics","","Mechanics","2224001003","GE","5","3"
"B.Sc. (Hons) Physics","","Modern Physics","2222012401","DSC","6","3"
"B.Sc. (Hons) Physics","","Modern Physics","2224001203","GE","4","7"
"B.Sc. (Hons) Physics","","Nano Physics","2224002008","GE","2","4"
"B.Sc. (Hons) Physics","","Nuclear and Particle Physics","2224002010","GE","5","4"
"B.Sc. (Hons) Physics","","Physics of Earth","2223012005","DSE","2","1"
"B.Sc. (Hons) Physics","","Quantum Mechanics","2224002006","GE","3","2"
"B.Sc. (Hons) Physics","","Quantum Mechanics","2222013502","DSC","2","3"
"B.Sc. (Hons) Physics","","Research Methodology","2223010023","DSE","2","5"
"B.Sc. (Hons) Physics","","Solid State Physics","2222012402","DSC","6","4"
"B.Sc. (Hons) Physics","","Solid State Physics","2224002002","GE","7","3"
"B.Sc. (Hons) Physics","","Statistical Analysis in Physics","2222013603","DSE","3","3"
"B.Sc. (Hons) Physics","","Statistical Mechanics","2222013601","DSC","6","1"
"B.Sc. (Hons) Physics","","Thermal Physics","2224001202","GE","4","5"
"B.Sc. (Hons) Physics","","Waves and Optics","2224001004","GE","9","3"
"B.Sc. (Hons) Physics","1","Mathematical Physics I","2222011101","DSC","12","2"
"B.Sc. (Hons) Physics","1","Mechanics","2222011102","DSC","10","3"
"B.Sc. (Hons) Physics","1","Waves and Oscillations","2222011103","DSC","5","1"
"B.Sc. (Hons) Physics","2","Electrical Circuit Analysis","2222011203","DSC","11","1"
"B.Sc. (Hons) Physics","3","Biophysics","2223012002","DSE","2","0"
"B.Sc. (Hons) Physics","3","Digital Electronics","2222013503","DSC","3","2"
"B.Sc. (Hons) Physics","3","Light and Matter","2222012303","DSC","7","0"
"B.Sc. (Hons) Physics","3","Mathematical Physics III","2222012301","DSC","8","0"
"B.Sc. (Hons) Physics","3","NUMERICAL ANALYSIS","2223012001","DSE","4","2"
"B.Sc. (Hons) Physics","4","Thermal Physics","2222012302","DSC","5","1"
"B.Sc. (Hons) Physics","5","Astronomy and Astrophysics","2223010013","DSE","1","1"
"B.Sc. (Hons) Physics","5","Communication System","2223010015","DSE","7","1"
"B.Sc. (Hons) Physics","5","Electromagnetic Theory","2222013501","DSC","5","1"
"B.Sc. (Hons) Physics","5","Physics of Materials","2223010014","DSE","1","3"
"B.Sc. (Hons) Physics","7","Nanoscience","2223010035","DSE","1","0"
"B.Sc. (Hons) Physics","7","Nuclear and Particle Detectors","2223010036","DSE","1","1"
"B.Sc. (Prog.) Applied Life Sciences with Agrochemicals and Pest Management pertaining to Botany","","Genetics and Molecular Biology","2162582301","DSC","3","3"
"B.Sc. (Prog.) Applied Life Sciences with Agrochemicals and Pest Management pertaining to Botany","","Research Methodology","2163010009","DSE","1","5"
"B.Sc. (Prog.) Applied Life Sciences with Agrochemicals and Pest Management pertaining to Botany","2","Economic Botany","2162581201","DSC","3","2"
"B.Sc. (Prog.) Applied Life Sciences with Agrochemicals and Pest Management pertaining to Botany","3","Ecology, Conservation and Restoration","2163582001","DSE","1","0"
"B.Sc. (Prog.) Applied Life Sciences with Agrochemicals and Pest Management pertaining to Botany","8","Agriculture Botany and Weed Management","2163584801","DSC","1","0"
"B.Sc. (Prog.) Applied Life Sciences with Agrochemicals and Pest Management pertaining to Botany","8","Intelligent Plant Systems","2163580023","DSE","1","0"
"B.Sc. (Prog.) Applied Life Sciences with Agrochemicals and Pest Management pertaining to Botany","8","Protected Agriculture: Hydroponics and Organic Cultivation","2163580022","DSE","1","0"
"B.Sc. (Prog.) Applied Life Sciences with Agrochemicals and Pest Management pertaining to Chemistry","","Chemistry of Amino acids, Proteins and Enzymes","2174001202","GE","1","0"
"B.Sc. (Prog.) Applied Life Sciences with Agrochemicals and Pest Management pertaining to Chemistry","","Chemistry of Carbohydrates, Nucleic acids and Lipids","To","GE","7","0"
"B.Sc. (Prog.) Applied Life Sciences with Agrochemicals and Pest Management pertaining to Chemistry","","Conductance and Chemical Kinetics","2174001205","GE","1","0"
"B.Sc. (Prog.) Applied Life Sciences with Agrochemicals and Pest Management pertaining to Chemistry","1","Inorganic Chemistry","2172581101","DSC","8","3"
"B.Sc. (Prog.) Applied Life Sciences with Agrochemicals and Pest Management pertaining to Chemistry","3","Introduction to Heterocyclic Chemistry","2173582001","DSE","1","0"
"B.Sc. (Prog.) Applied Life Sciences with Agrochemicals and Pest Management pertaining to Chemistry","3","Organic Chemistry","2172582301","DSC","12","0"
"B.Sc. (Prog.) Applied Life Sciences with Agrochemicals and Pest Management pertaining to Chemistry","4","Organic Chemistry in Pesticide Synthesis","2173582003","DSE","1","0"
"B.Sc. (Prog.) Applied Life Sciences with Agrochemicals and Pest Management pertaining to Chemistry","5","Physical Chemistry","2172583501","DSC","7","3"
"B.Sc. (Prog.) Applied Life Sciences with Agrochemicals and Pest Management pertaining to Chemistry","8","Agrochemical for Fungi, Nematodes, and Weeds","2162584802","DSC","1","0"
"B.Sc. (Prog.) Applied Life Sciences with Agrochemicals and Pest Management pertaining to Chemistry","8","Environmental health and Agrochemicals","2163580025","DSE","1","0"
"B.Sc. (Prog.) Applied Life Sciences with Agrochemicals and Pest Management pertaining to Chemistry","8","Introduction to Natural Pesticides: Biopesticides and Plant Toxins","2163580015","DSE","1","0"
"B.Sc. (Prog.) Applied Life Sciences with Agrochemicals and Pest Management pertaining to Chemistry","8","Pesticide Formulation and Application Equipment","2163580016","DSE","1","0"
"B.Sc. (Prog.) Applied Life Sciences with Agrochemicals and Pest Management pertaining to Zoology","","Research Methodology for Zoology","2233010017","DSE","1","4"
"B.Sc. (Prog.) Applied Life Sciences with Agrochemicals and Pest Management pertaining to Zoology","3","Biostatistics and Bioinformatics","2233582001","DSE","2","0"
"B.Sc. (Prog.) Applied Life Sciences with Agrochemicals and Pest Management pertaining to Zoology","3","Cell Biology and Biochemistry","2232582301","DSC","3","0"
"B.Sc. (Prog.) Applied Life Sciences with Agrochemicals and Pest Management pertaining to Zoology","5","Animal Physiology and Metabolism","2232583504","DSC","3","0"
"B.Sc. (Prog.) Applied Life Sciences with Agrochemicals and Pest Management pertaining to Zoology","7","Basics of chronobiology","2233010022","DSE","1","0"
"B.Sc. (Prog.) Applied Life Sciences with Agrochemicals and Pest Management pertaining to Zoology","7","Insect Behaviour","2232584701","DSC","1","0"
"B.Sc. (Prog.) Applied Life Sciences with Agrochemicals and Pest Management pertaining to Zoology","7","Modern tools and Techniques for Entomological research","2233010024","DSE","1","0"
"B.Sc. (Prog.) Applied Life Sciences with Agrochemicals and Pest Management pertaining to Zoology","7","Non-insect pests and their control","2233010023","DSE","1","0"
"B.Sc. (Prog.) Applied Life Sciences with Agrochemicals and Pest Management pertaining to Zoology","7","Social and Beneficial Insects","2233010021","DSE","1","0"
"B.Sc. (Prog.) Applied Life Sciences with Agrochemicals and Pest Management pertaining to Zoology","8","Pathogens of Insects in Pest Management","2233580027","DSE","1","0"
"B.Sc. (Prog.) Applied Physical Science with Analytical Methods in Chemistry & Biochemistry","","Active Methylene Compounds, Polynuclear Hydrocarbon and Heterocyclic Chemistry","2173550006","DSE","1","0"
"B.Sc. (Prog.) Applied Physical Science with Analytical Methods in Chemistry & Biochemistry","","Applications of Computers in Chemsitry","2173012006","DSE","1","0"
"B.Sc. (Prog.) Applied Physical Science with Analytical Methods in Chemistry & Biochemistry","","Conductance, Electrochemistry and Chemical Kinetics","2173542003","DSE","1","1"
"B.Sc. (Prog.) Applied Physical Science with Analytical Methods in Chemistry & Biochemistry","","Food Chemistry, Nutrition and Additives","2173540011","DSE","1","0"
"B.Sc. (Prog.) Applied Physical Science with Analytical Methods in Chemistry & Biochemistry","","Quantum Chemistry and Spectroscopy","2172513601","DSC","1","3"
"B.Sc. (Prog.) Applied Physical Science with Analytical Methods in Chemistry & Biochemistry","3","Chemical Energetics and Equilibria","2172512302","DSC","8","0"
"B.Sc. (Prog.) Applied Physical Science with Analytical Methods in Chemistry & Biochemistry","3","Quantitative methods of analysis","2172542301","DSC","1","0"
"B.Sc. (Prog.) Applied Physical Science with Analytical Methods in Chemistry & Biochemistry","7","ADVANCED INSTRUMENTAL METHODS I","2172544701","DSC","2","1"
"B.Sc. (Prog.) Applied Physical Science with Analytical Methods in Chemistry & Biochemistry","7","COMPUTATIONAL METHODS AND MOLECULAR MODELLING","2173540009","DSE","1","0"
"B.Sc. (Prog.) Applied Physical Science with Analytical Methods in Chemistry & Biochemistry","7","GREEN ENERGY SOLUTIONS","2174000014","GE","1","0"
"B.Sc. (Prog.) Applied Physical Sciences with Industrial Chemistry","","Chemistry of Carboxylic acids derivatievs , Amines and Heterocycles","2172512401","DSC","2","3"
"B.Sc. (Prog.) Applied Physical Sciences with Industrial Chemistry","","Periodic Properties and Chemical Bonding","2172521202","DSC","3","1"
"B.Sc. (Prog.) Applied Physical Sciences with Industrial Chemistry","1","Basic Concepts of Organic Chemistry","2172511101","DSC","2","2"
"B.Sc. (Prog.) Applied Physical Sciences with Industrial Chemistry","3","Chemical Energetics and Equilibria","2172552302","DSC","1","0"
"B.Sc. (Prog.) Applied Physical Sciences with Industrial Chemistry","3","Industrially Important Inorganic Materials","2172552301","DSC","1","0"
"B.Sc. (Prog.) Applied Physical Sciences with Industrial Chemistry","5","Industrial Catalysts","2172513503","DSC","1","1"
"B.Sc. (Prog.) Applied Physical Sciences with Industrial Chemistry","7","Mathematical Methods in Chemistry","2173550012","DSE","1","0"
"B.Sc. (Prog.) Home Science","3","Basics of Design Application","2203602005","DSE","1","0"
"B.Sc. (Prog.) Home Science","3","Developmental Diversity across Ecological Settings","2203602001","DSE","1","0"
"B.Sc. (Prog.) Home Science","3","Food Science","2203602002","DSE","1","0"
"B.Sc. (Prog.) Home Science","3","Introductory Physical Science for Home Science","2202602303","DSC","1","0"
"B.Sc. (Prog.) Home Science","3","Media, Culture and Society","2203602003","DSE","1","0"
"B.Sc. (Prog.) Home Science","3","Pattern Making for Fashion Design","2203602004","DSE","1","0"
"B.Sc. (Prog.) Home Science","3","Personal Finance and Consumer Education","2202602302","DSC","1","0"
"B.Sc. (Prog.) Home Science","5","Advanced Human Nutrition","2203600013","DSE","1","0"
"B.Sc. (Prog.) Home Science","5","Designing for Children’s Wear","2203600017","DSE","1","0"
"B.Sc. (Prog.) Home Science","5","Extension Management","2202603503","DSC","1","0"
"B.Sc. (Prog.) Home Science","5","Laws, Policies and Programmes for Children, Women and Families","2203600012","DSE","1","0"
"B.Sc. (Prog.) Home Science","8","Facilities and Services Management","2203600054","DSE","1","0"
"B.Sc. (Prog.) Physical Science courses pertaining to Electronics","","Advanced Digital Electronics","DSE","DSE","21","5"
"B.Sc. (Prog.) Physical Science courses pertaining to Electronics","1","Mechanics","DSC-1","DSC","1","0"
"B.Sc. (Prog.) Physical Science courses pertaining to Electronics","1","Network Analysis and Analog Electronics","DSC-2","DSC","1","0"
"B.Sc. (Prog.) Physical Science courses pertaining to Electronics","1","Topics in Calculus","DSC","DSC","6","5"
"B.Sc. (Prog.) Physical Science courses pertaining to Electronics","3","Combinatorics","DSE-1","DSE","3","0"
"B.Sc. (Prog.) Physical Science courses pertaining to Electronics","4","Elements of Discrete Mathematics","DSE-2","DSE","3","0"
"B.Sc. (Prog.) Physical Science courses pertaining to Electronics","5","Biomathematics","DSE-3","DSE","3","0"
"B.Sc. (Prog.) Physical Science courses pertaining to Electronics","5","Physics of Devices","Miss","DSC","2","0"
"B.Sc. (Prog.) Physical Science courses pertaining to Electronics","6","Elementary Mathematical Analysis","DSE-4","DSE","3","0"
"B.Sc. (Prog) Physical Science courses pertaining to Computer Science","","Computer Networks","2342573601","DSC","8","7"
"B.Sc. (Prog) Physical Science courses pertaining to Computer Science","","Computer Networks","2344000020","GE","1","3"
"B.Sc. (Prog) Physical Science courses pertaining to Computer Science","","Cyber Forensics","2343010024","DSE","2","2"
"B.Sc. (Prog) Physical Science courses pertaining to Computer Science","","Data Analysis and Visualization using Python","2344001201","DSE","1","3"
"B.Sc. (Prog) Physical Science courses pertaining to Computer Science","","Data Analysis and Visualization using Spreadsheet","2344001202","GE","2","2"
"B.Sc. (Prog) Physical Science courses pertaining to Computer Science","","Data Structures","2342571201","DSC","12","7"
"B.Sc. (Prog) Physical Science courses pertaining to Computer Science","","Operating Systems","2342572401","DSC","10","9"
"B.Sc. (Prog) Physical Science courses pertaining to Computer Science","","Research Methodology","2343010020","DSE","1","7"
"B.Sc. (Prog) Physical Science courses pertaining to Computer Science","","Software Engineering","2343012010","DSC","3","5"
"B.Sc. (Prog) Physical Science courses pertaining to Computer Science","1","Programming using C++","2342571102","DSC","1","3"
"B.Sc. (Prog) Physical Science courses pertaining to Computer Science","3","Android Programming using Java","2343012004","DSE","1","0"
"B.Sc. (Prog) Physical Science courses pertaining to Computer Science","3","Design and Analysis of Algorithms","2342572302","DSC","1","1"
"B.Sc. (Prog) Physical Science courses pertaining to Computer Science","4","Introduction to Web Programming","2344002004","GE","5","2"
"B.Sc. (Prog) Physical Science courses pertaining to Computer Science","5","Data Mining-I","2343012005","DSE","3","1"
"B.Sc. (Prog) Physical Science courses pertaining to Computer Science","5","Database Management Systems","2342573501","DSC","8","4"
"B.Sc. (Prog) Physical Science courses pertaining to Computer Science","5","Java Based Web App Development","2344000007","GE","1","0"
"B.Sc. (Prog) Physical Sciences courses pertaining to Mathematical Sciences","","Abstract Algebra","2354000009","GE","1","4"
"B.Sc. (Prog) Physical Sciences courses pertaining to Mathematical Sciences","","Abstract Algebra","2352572401","DSC","2","17"
"B.Sc. (Prog) Physical Sciences courses pertaining to Mathematical Sciences","","Elementary Linear Algebra","2352571201","DSC","1","7"
"B.Sc. (Prog) Physical Sciences courses pertaining to Mathematical Sciences","","Introduction to Linear Algebra","2354001202","GE","2","7"
"B.Sc. (Prog) Physical Sciences courses pertaining to Mathematical Sciences","","Linear Programming","2353572006","DSE","1","1"
"B.Sc. (Prog) Physical Sciences courses pertaining to Mathematical Sciences","","Probability and Statistics","2352203601","DSC","1","10"
"B.Sc. (Prog) Physical Sciences courses pertaining to Mathematical Sciences","","Research Methodology","2353010015","DSE","2","8"
"B.Sc. (Prog) Physical Sciences courses pertaining to Mathematical Sciences","1","Fundamental of Calculus","2354001001","GE","3","1"
"B.Sc. (Prog) Physical Sciences courses pertaining to Mathematical Sciences","1","Topics in Calculus","2352571101","DSC","1","9"
"B.Sc. (Prog) Physical Sciences courses pertaining to Mathematical Sciences","3","Combinatorics","2353572001","DSE","2","0"
"B.Sc. (Prog) Physical Sciences courses pertaining to Mathematical Sciences","3","Differential Equations","2352572301","DSC","1","4"
"B.Sc. (Prog) Physical Sciences courses pertaining to Mathematical Sciences","3","Differential Equations","2354002001","GE","1","3"
"B.Sc. (Prog) Physical Sciences courses pertaining to Mathematical Sciences","3","Elements of Number Theory","2353572002","DSE","2","0"
"B.Sc. (Prog) Physical Sciences courses pertaining to Mathematical Sciences","4","Elements of Real Analysis","2354002003","GE","2","9"
"B.Sc. Polymer Science","","3D PRINTING OF POLYMERS","6093012014","DSE","1","0"
"B.Sc. Polymer Science","","ADVANCED ANALYTICAL TECHNIQUES FOR POLYMERS","6093012001","DSE","1","0"
"B.Sc. Polymer Science","","AUTOMOBILE APPLICATIONS OF POLYMERS","6093012012","DSE","1","0"
"B.Sc. Polymer Science","","BIO-BASED AND BIODEGRADABLE POLYMERS","6093012007","DSE","1","0"
"B.Sc. Polymer Science","","CONDUCTING POLYMERS","6093012006","DSE","1","0"
"B.Sc. Polymer Science","","ENGINEERING DRAWING & MOLD DESIGN","6093012008","DSE","1","0"
"B.Sc. Polymer Science","","FIBRE MANUFACTURING TECHNOLOGY","6093012002","DSE","1","0"
"B.Sc. Polymer Science","","POLYMER PHYSICS","6093012009","DSE","1","0"
"B.Sc. Polymer Science","","POLYMER PRODUCT DESIGN","6093012004","DSE","1","0"
"B.Sc. Polymer Science","","POLYMERS IN BIOMEDICAL APPLICATIONS","6093012005","DSE","1","0"
"B.Sc. Polymer Science","","POLYMERS IN ENERGY APPLICATION","6093012013","DSE","1","0"
"B.Sc. Polymer Science","","SMART MATERIALS","6093012011","DSE","1","0"
"B.Sc. Polymer Science","3","Polymer Degradation","6092012303","DSC","1","0"
"B.Sc. Polymer Science","3","Rubber Additives","6092012301","DSC","1","0"
"B.Sc. Polymer Science","5","Poymer characterization","6092013502","DSC","1","0"
"B.Sc. Polymer Science","7","POLYMERS IN SPORTS AND FOOTWEAR TECHNOLOGY","6093012017","DSE","1","0"
"B.Sc. Polymer Science","8","POLYMER FOAM TECHNOLOGY","6093012019","DSE","1","0"
"B.Sc. Polymer Science","8","Polymeric Membrane","6093012018","DSE","1","0"
"B.Tech. Information Technology & Mathematical Innovation","","3D Printing using Blender","3123610015","DSE","1","0"
"B.Tech. Information Technology & Mathematical Innovation","","Analysis and Design of Algorithms","3122612402","DSC","1","0"
"B.Tech. Information Technology & Mathematical Innovation","","Applications of Data Science: A case study approach","3123610016","DSE","1","0"
"B.Tech. Information Technology & Mathematical Innovation","","Applied probability and statistics","3122612401","DSC","1","0"
"B.Tech. Information Technology & Mathematical Innovation","","Artificial Intelligence","3122613603","DSC","1","0"
"B.Tech. Information Technology & Mathematical Innovation","","Biodefense and Bioengineering","312400005","GE","1","0"
"B.Tech. Information Technology & Mathematical Innovation","","Biological Networks and Data Analysis","3123610032","DSE","1","0"
"B.Tech. Information Technology & Mathematical Innovation","","Brain and Cognition: Computational Neurosciences","3123610037","DSE","1","0"
"B.Tech. Information Technology & Mathematical Innovation","","Circuit Analysis and Synthesis","3124000018","GE","1","0"
"B.Tech. Information Technology & Mathematical Innovation","","Complex Systems","3123610028","DSE","1","0"
"B.Tech. Information Technology & Mathematical Innovation","","Computational Analysis of OMICS data","3123610026","DSE","1","0"
"B.Tech. Information Technology & Mathematical Innovation","","Computational Fluid Dynamics (CFD)","3123610023","DSE","1","0"
"B.Tech. Information Technology & Mathematical Innovation","","Computer Systems Architecture","3122612303","DSC","1","0"
"B.Tech. Information Technology & Mathematical Innovation","","Consumer behaviour and Marketing Research","3124000017","GE","1","0"
"B.Tech. Information Technology & Mathematical Innovation","","Contribution of Indian Knowledge System to Science, Engineering and Technology","3124000023","GE","1","0"
"B.Tech. Information Technology & Mathematical Innovation","","Crafting Digital Experiences: A Practical Approach to Web Design and Programming","3123610035","DSE","1","0"
"B.Tech. Information Technology & Mathematical Innovation","","Data Base Management Systems","3122612403","DSC","1","0"
"B.Tech. Information Technology & Mathematical Innovation","","Data Structure and Design","3122611202","DSC","1","0"
"B.Tech. Information Technology & Mathematical Innovation","","Deep Learning and Applications","3123610030","DSE","1","0"
"B.Tech. Information Technology & Mathematical Innovation","","Devices and Nanotechnology","312400006","GE","1","0"
"B.Tech. Information Technology & Mathematical Innovation","","e-Business: Organisation and Strategy","3124000020","GE","1","0"
"B.Tech. Information Technology & Mathematical Innovation","","Economic Behavior","3124002001","GE","1","0"
"B.Tech. Information Technology & Mathematical Innovation","","Electronics at Work & Circuit Simulations","3124002006","GE","1","0"
"B.Tech. Information Technology & Mathematical Innovation","","Electronics circuit elements and innovation lab","3124002002","GE","1","0"
"B.Tech. Information Technology & Mathematical Innovation","","Engineering Chemistry I","3124611102","GE","1","0"
"B.Tech. Information Technology & Mathematical Innovation","","Engineering Chemistry II","3124611202","GE","1","0"
"B.Tech. Information Technology & Mathematical Innovation","","Engineering Physics I","3124611101","GE","1","0"
"B.Tech. Information Technology & Mathematical Innovation","","Engineering Physics II","3124611201","GE","1","0"
"B.Tech. Information Technology & Mathematical Innovation","","Engineering through Linear Algebra","3122611201","DSC","1","0"
"B.Tech. Information Technology & Mathematical Innovation","","Fabrication of nanomaterials for devices","3123610019","DSE","1","0"
"B.Tech. Information Technology & Mathematical Innovation","","Flow of Information in living systems","3124002003","GE","1","0"
"B.Tech. Information Technology & Mathematical Innovation","","Game Development Using UNITY","3123610014","DSE","1","0"
"B.Tech. Information Technology & Mathematical Innovation","","Genes to Genomes","3124000019","GE","1","0"
"B.Tech. Information Technology & Mathematical Innovation","","Genomics and Proteomics","3124000022","GE","1","0"
"B.Tech. Information Technology & Mathematical Innovation","","Health Data Analysis","3123610013","DSE","1","0"
"B.Tech. Information Technology & Mathematical Innovation","","in silico Biology","3124002007","GE","1","0"
"B.Tech. Information Technology & Mathematical Innovation","","Income Tax Essentials: From Basic Concepts to Tax Planning","3124000025","GE","1","0"
"B.Tech. Information Technology & Mathematical Innovation","","Information Security","3122613602","DSC","1","0"
"B.Tech. Information Technology & Mathematical Innovation","","Integral Transforms and Applications","3123610021","DSE","1","0"
"B.Tech. Information Technology & Mathematical Innovation","","Integrative Biology","3124000026","GE","1","0"
"B.Tech. Information Technology & Mathematical Innovation","","IoT, Security and Machine Learning","3123610020","DSE","1","0"
"B.Tech. Information Technology & Mathematical Innovation","","IT Project Leadership","3123610018","DSE","1","0"
"B.Tech. Information Technology & Mathematical Innovation","","Linear Programming and Game Theory","3122613501","DSC","1","0"
"B.Tech. Information Technology & Mathematical Innovation","","Mathematical Modeling & Simulation","3123610022","DSE","1","0"
"B.Tech. Information Technology & Mathematical Innovation","","Mathematical Modeling with emphasis on Robotics","3123610031","DSE","1","0"
"B.Tech. Information Technology & Mathematical Innovation","","Medical Imaging techniques","3123610025","DSE","1","0"
"B.Tech. Information Technology & Mathematical Innovation","","Modeling continuous changes through ordinary differential equations","3122612301","DSC","1","0"
"B.Tech. Information Technology & Mathematical Innovation","","Numerical Methods for Computational Mathematics","3122613601","DSC","1","0"
"B.Tech. Information Technology & Mathematical Innovation","","Object Oriented Programming","3122611203","DSC","1","0"
"B.Tech. Information Technology & Mathematical Innovation","","Operating Systems","3122612302","DSC","1","0"
"B.Tech. Information Technology & Mathematical Innovation","","Principles of Financial Decision Making","312400007","GE","1","0"
"B.Tech. Information Technology & Mathematical Innovation","","Programming Fundamentals","3122611103","DSC","1","0"
"B.Tech. Information Technology & Mathematical Innovation","","Public Health and Health Informatics","3124000024","GE","1","0"
"B.Tech. Information Technology & Mathematical Innovation","","Research Methodology","3123610029","DSE","1","0"
"B.Tech. Information Technology & Mathematical Innovation","","Single and Multivariable Calculus","3122611101","DSC","1","0"
"B.Tech. Information Technology & Mathematical Innovation","","Software Engineering","3122613503","DSC","1","0"
"B.Tech. Information Technology & Mathematical Innovation","","Strategies and Concept for Innovation Management","3124002005","GE","1","0"
"B.Tech. Information Technology & Mathematical Innovation","","Systems Biology","3123610038","DSE","1","0"
"B.Tech. Information Technology & Mathematical Innovation","","Technology based solutions of societal issues","3123610024","DSE","1","0"
"B.Tech. Information Technology & Mathematical Innovation","","The Living world: Systems Approach","3124002004/3124002008","GE","1","0"
"B.Tech. Information Technology & Mathematical Innovation","","Urban Computing","3123610017","DSE","1","0"
"B.Tech. Information Technology & Mathematical Innovation","","Virtual Reality","3123610027","DSE","1","0"
"B.Voc – Retail Management & IT","3","Customer Experience Management","6322482303","DSC","1","0"
"B.Voc – Retail Management & IT","3","Retail Store Operations","6323480005","DSE","1","0"
"B.Voc – Retail Management & IT","4","Warehouse Management in Retail","6323482003","DSE","1","0"
"B.Voc – Retail Management & IT","5","Multichannel Retail Marketing","6323480006","DSE","1","0"
"B.Voc – Retail Management & IT","5","Packing and Packaging Management","6322483503","DSC","1","0"
"B.Voc – Retail Management & IT","5","Supply Chain Management","6322483502","DSC","1","0"
"B.Voc – Retail Management & IT","7","Business Development in Retail Sector","6323480012","DSE","1","0"
"B.Voc – Retail Management & IT","7","Merchandise Planning","6323482002","DSE","1","0"
"B.Voc – Retail Management & IT","7","Retail Technology and Innovation","6323482004","DSE","1","0"
"B.Voc – Retail Management & IT","8","Retailing in India – Growth & Challenges","6323480009","DSE","1","0"
"BA (Hons) Arabic","","Arabic Literature Review (Arabic Novel)","2015000018","GE","1","0"
"BA (Hons) Arabic","","Arabic Text Comprehension-2","2013102004","DSE","1","0"
"BA (Hons) Arabic","","Arabic Text Comprehension-3","2013102007","DSE","1","0"
"BA (Hons) Arabic","","History Of Arabic Literature -3 (up to Umayyad & Andalusian Period)","2013100016","DSE","1","0"
"BA (Hons) Arabic","","History of Arabic Literature-4 (Abbasid & Modern Period)","2013100021","DSE","1","0"
"BA (Hons) Arabic","","Ilmul-Arudh","2013100017","DSE","1","0"
"BA (Hons) Arabic","","Indian Arabic Writers","2013102008","DSE","1","0"
"BA (Hons) Arabic","","Intermediate Arabic Translation & Conversation","2012102303","DSC","1","0"
"BA (Hons) Arabic","","Modern Arabic Prose & Poetry-1","2013100015","DSE","1","0"
"BA (Hons) Arabic","","Professional Translation-I","2013100018","DSE","1","0"
"BA (Hons) Arabic","","Research Methodology","2013100013","DSE","2","0"
"BA (Hons) German","","Debating and Presentation Techniques","2043122004/2043122008","DSE","1","0"
"BA (Hons) German","","German for Specific Purposes","2043120022","DSE","2","0"
"BA (Hons) German","","Introduction to Creative Writing","2043122010","DSE","1","0"
"BA (Hons) German","","Introduction to the History of Germany and the German-speaking World","2043122001","DSE","1","0"
"BA (Hons) German","","Study of European Art","2043120019/2043120027","DSE","1","0"
"BA (Hons) German","1","Basic Communicative German (1)","2044001002","GE","1","0"
"BA (Hons) German","1","Language in Context: Developing Listening and Speaking Skills (1)","2042121102","DSC","1","0"
"BA (Hons) German","2","Language in Context: Developing Listening and Speaking Skills (2)","2042121202","DSC","1","0"
"BA (Hons) German","2","Language in Context: Developing Reading and Writing Skills (2)","2042121201","DSC","1","0"
"BA (Hons) German","3","Engaging with Literary Texts (1)","2042122303","DSC","1","0"
"BA (Hons) German","3","Language in Context: Intermediate Listening and Speaking Skills (1)","2042122302","DSC","1","0"
"BA (Hons) German","4","Language in Context: Intermediate Listening and Speaking Skills (2)","2042122402","DSC","1","0"
"BA (Hons) German","5","Language in Context: Advanced Listening and Speaking Skills (1)","2042123502","DSC","1","0"
"BA (Hons) German","6","Introduction to Foreign Language Teaching","2043120024","DSE","1","0"
"BA (Hons) German","6","Language in Context: Advanced Listening and Speaking Skills (2)","2042123602","DSC","1","0"
"BA (Hons) German","7","Cultural History of Germany and German Speaking Countries -1","2043120035","DSE","1","0"
"BA (Hons) German","7","History of 19th Century Literature","2043120039","DSE","1","0"
"BA (Hons) German","7","Introduction to Linguistics","2043120034","DSE","1","0"
"BA (Hons) German","7","Introduction to Literary Translation","2043120032","DSE","1","0"
"BA (Hons) German","7","Introduction to the Methodology of Teaching a Foreign Language","2043120033","DSE","1","0"
"BA (Hons) German","7","Language of the Media","2043120036","DSE","1","0"
"BA (Hons) German","7","Study of an Author","2043120037","DSE","1","0"
"BA (Hons) German","7","Understanding Contemporary Europe","2043120038","DSE","1","0"
"BA (Hons) German","8","Critical Issues in German Literature","2043120047","DSE","1","0"
"BA (Hons) German","8","Cultural History of Germany and German Speaking Countries -2","2043120046","DSE","1","0"
"BA (Hons) German","8","History of 20th Century Literature","2043120049","DSE","1","0"
"BA (Hons) German","8","Introduction to Comparative Literature","2043120050","DSE","1","0"
"BA (Hons) German","8","Language of the Arts","2043120048","DSE","1","0"
"BA (Hons) German","8","Literary Translation: Theory and Practice","2043120044","DSE","1","0"
"BA (Hons) German","8","Methodology of Teaching a Foreign Language: Theory and Practice","2043120045","DSE","1","0"
"BA (Hons) German","8","Rhetoric and Composition","2043120041","DSE","1","0"
"BA (Hons) German","8","Study of a Genre: Novel","2043120043","DSE","1","0"
"BA (Hons) German","8","Study of a Genre: Poetry","2043120042","DSE","1","0"
"BA (Hons) Sanskrit","","Ancient Indian Medicinal Science: Unveiling the Secrets of Ayurveda","2135000017","GE","2","14"
"BA (Hons) Sanskrit","","Ancient Indian Polity","2135000012","GE","2","14"
"BA (Hons) Sanskrit","","Art of Balanced Living","2133102006","DSE","6","4"
"BA (Hons) Sanskrit","","Basic Principles of Ayurveda","2135001001","GE","2","19"
"BA (Hons) Sanskrit","","Basic Sanskrit","2135001002","GE","3","14"
"BA (Hons) Sanskrit","","Basic Skills for Research Paper and Dissertation Writing","2133100015","DSE","1","4"
"BA (Hons) Sanskrit","","Classical Sanskrit Literature (Prose)","2132101201","DSC","14","2"
"BA (Hons) Sanskrit","","Dharma and Sanskriti","2134000025","GE","1","7"
"BA (Hons) Sanskrit","","Fundamentals of Ayurveda","2133102002","DSE","3","3"
"BA (Hons) Sanskrit","","Fundamentals of Buddhist Philosophy","2135000010","GE","2","20"
"BA (Hons) Sanskrit","","Fundamentals of Indian Philosophy","2134002001","GE","2","16"
"BA (Hons) Sanskrit","","Indian Aesthetics","2135001003","GE","3","12"
"BA (Hons) Sanskrit","","Indian Epigraphy & Palaeography","2134002002","GE","1","14"
"BA (Hons) Sanskrit","","Indian Epigraphy II","2132102403","DSC","5","3"
"BA (Hons) Sanskrit","","Indian Legal System","2135000009","GE","1","14"
"BA (Hons) Sanskrit","","Introduction to Ancient Indian Scripts","2133102007","DSE","1","1"
"BA (Hons) Sanskrit","","Introduction to Jain Philosophy","2135000011","GE","2","13"
"BA (Hons) Sanskrit","","Management in Sanskrit","2134000026","GE","2","5"
"BA (Hons) Sanskrit","","Modern Sanskrit Literature","2132102401","DSC","11","5"
"BA (Hons) Sanskrit","","Philosophy of Yoga","2135000014","GE","2","13"
"BA (Hons) Sanskrit","","Poetics and Literary Criticism","2132103603","DSC","6","2"
"BA (Hons) Sanskrit","","Research Methodology for Sanskrit Studies","2133100016","DSE","2","4"
"BA (Hons) Sanskrit","","Sanskrit and World Literature","2132102402","DSC","9","3"
"BA (Hons) Sanskrit","","Sanskrit Composition and Communication","2132103602","DSC","3","2"
"BA (Hons) Sanskrit","","Sanskrit Epics","2132101202","DSC","6","4"
"BA (Hons) Sanskrit","","Sanskrit Narratology","2135001004","GE","6","15"
"BA (Hons) Sanskrit","","Tools and Techniques for Computing Sanskrit Language","2135001005","GE","1","12"
"BA (Hons) Sanskrit","","Unveiling the Richness of the Indian Knowledge System","2135000015","GE","2","12"
"BA (Hons) Sanskrit","","Vedic Samhita and Grammar","2132103601","DSC","2","2"
"BA (Hons) Sanskrit","1","Applied Sanskrit","2132101101","DSC","5","2"
"BA (Hons) Sanskrit","1","Classical Sanskrit Poetry","2132101102","DSC","5","3"
"BA (Hons) Sanskrit","1","Indian Social Institutions and Polity","2132101103","DSC","8","1"
"BA (Hons) Sanskrit","2","Critical Survey of Śāstric Literature","2132101203","DSC","9","2"
"BA (Hons) Sanskrit","3","Classical Sanskrit Literature: Drama","2132102301","DSC","3","0"
"BA (Hons) Sanskrit","3","Indian Epigraphy I","2132102303","DSC","4","0"
"BA (Hons) Sanskrit","3","Sanskrit Linguistics","2132102302","DSC","6","1"
"BA (Hons) Sanskrit","3","Web Application Development for Sanskrit","2133102004","DSE","1","0"
"BA (Hons) Sanskrit","5","Introduction to Nyaya–Vaisheshika Philosophy","2132103503","DSC","1","1"
"BA (Hons) Sanskrit","5","Introduction to Sanskrit Poetics","2133100010","DSE","5","3"
"BA (Hons) Sanskrit","5","Phonetics in Sanskrit Tradition","2133100011","DSE","1","1"
"BA (Hons) Sanskrit","5","Sanskrit Grammar: Laghusiddhantakaumudi","2132103502","DSC","2","1"
"BA (Hons) Sanskrit","5","Veda and Upanishad","2132103501","DSC","2","2"
"BA Hons Multi Media and Mass Communication","1","Training to Write for Media","6299101102","DSC","1","0"
"BA Hons Multi Media and Mass Communication","4","Mass Media and regional Development in India","Issue","DSE","1","0"
"BA Hons Multi Media and Mass Communication","5","Gender and Media","6293100003","DSE","1","0"
"BA Hons Multi Media and Mass Communication","5","Videography and Editing","6292103503","DSC","1","0"
"BA Hons Multi Media and Mass Communication","6","Studio Production","6292103603","DSC","1","0"
"BA Hons Multi Media and Mass Communication","7","Communication for Disaster Management","6293100009","DSE","1","0"
"BA Hons Multi Media and Mass Communication","7","Development Communication","6294000014","GE","1","0"
"BA Hons Multi Media and Mass Communication","7","Exploring Hindi Cinema","6293100006","DSE","1","0"
"BA Hons Multi Media and Mass Communication","8","Communication in Public Spaces","6293100011","DSE","1","0"
"BA Hons Multi Media and Mass Communication","8","Fashion Communication","6293100010","DSE","1","0"
"BA Hons Multi Media and Mass Communication","8","Media Psychology","6294000015","GE","1","0"
"Bachelor of Arts (Hons) Geography","","Agricultural Geography and Food Security","2292103502","DSC","2","1"
"Bachelor of Arts (Hons) Geography","","BIOGEOGRAPHY","2293102001","DSE","2","0"
"Bachelor of Arts (Hons) Geography","","Climate Change and Adaptation","2294000016","GE","1","1"
"Bachelor of Arts (Hons) Geography","","Climatology","2292102301","DSC","4","5"
"Bachelor of Arts (Hons) Geography","","Contemporary Environmental Issues","2294002003","GE","3","1"
"Bachelor of Arts (Hons) Geography","","Digital Cartography (Practical)","2299101103","DSC","1","0"
"Bachelor of Arts (Hons) Geography","","Disaster Management","2294001202","GE","7","5"
"Bachelor of Arts (Hons) Geography","","Disaster Management Based Project Report (Practical)","2292103603","DSC","3","2"
"Bachelor of Arts (Hons) Geography","","Dynamics of Urban Systems","2294000031","GE","2","2"
"Bachelor of Arts (Hons) Geography","","Economic Geography","2292102402","DSC","5","3"
"Bachelor of Arts (Hons) Geography","","Education for Sustainable Development","2294000019","GE","3","3"
"Bachelor of Arts (Hons) Geography","","Environment and Ecology","2292103501","DSC","3","3"
"Bachelor of Arts (Hons) Geography","","Evolution of Geographical Thought","2292103602","DSC","3","3"
"Bachelor of Arts (Hons) Geography","","Field work and Field Techniques in Geography (Practical)/a>","2292103503","DSC","1","0"
"Bachelor of Arts (Hons) Geography","","Fundamentals of GIS (Practical)","2292102403","DSC","1","0"
"Bachelor of Arts (Hons) Geography","","Fundamentals of Remote Sensing (Practical)","2292102302","DSC","3","1"
"Bachelor of Arts (Hons) Geography","","Geo Heritage and Geo Tourism","2294000017","GE","2","3"
"Bachelor of Arts (Hons) Geography","","GEOGRAPHY OF ARID AND SEMIARID REGION","2293102002","DSE","1","0"
"Bachelor of Arts (Hons) Geography","","Geography of Health and Wellbeing","2294001001","GE","2","2"
"Bachelor of Arts (Hons) Geography","","Geography of India","2294001002","GE","11","3"
"Bachelor of Arts (Hons) Geography","","Geography of Tourism","2294002004","GE","1","1"
"Bachelor of Arts (Hons) Geography","","Geomorphology","2292101201","DSC","3","4"
"Bachelor of Arts (Hons) Geography","","Human Geography","2292101102","DSC","5","4"
"Bachelor of Arts (Hons) Geography","","NATURAL RESOURCE MANAGEMENT","2293102005","DSE","1","1"
"Bachelor of Arts (Hons) Geography","","Oceanography","2292102401","DSC","4","5"
"Bachelor of Arts (Hons) Geography","","Physical Geography","2292101101","DSC","5","3"
"Bachelor of Arts (Hons) Geography","","POLITICAL GEOGRAPHY","2293100006","DSE","2","0"
"Bachelor of Arts (Hons) Geography","","Population Geography","2292101202","DSC","8","5"
"Bachelor of Arts (Hons) Geography","","Principles of Human Geography","2294000024","GE","1","3"
"Bachelor of Arts (Hons) Geography","","Principles of Physical Geography","2294000023","GE","1","2"
"Bachelor of Arts (Hons) Geography","","Regional Development","2294000013","GE","2","2"
"Bachelor of Arts (Hons) Geography","","Regional Geography of India","2292103601","DSC","3","1"
"Bachelor of Arts (Hons) Geography","","SOCIAL GEOGRAPHY","2293100007","DSE","1","0"
"Bachelor of Arts (Hons) Geography","","Spatial Dimensions of Development","2294001003","GE","4","2"
"Bachelor of Arts (Hons) Geography","","Spatial Information Technology","2294002005","GE","1","1"
"Bachelor of Arts (Hons) Geography","","Statistical Methods in Geography (Practical)","2292101203","DSC","1","0"
"Bachelor of Arts (Hons) Geography","","Sustainable Development: Society and Policy Interface","2294000011","GE","5","2"
"Bachelor of Business Administration (Financial Investment Analysis)","","Financial Management of Family Business","2924000031","GE","1","0"
"Bachelor of Business Administration (Financial Investment Analysis)","","Fundamentals of Econometrics","2924000032","GE","1","2"
"Bachelor of Business Administration (Financial Investment Analysis)","","Fundamentals of Stock Trading","2924001004","GE","1","1"
"Bachelor of Business Administration (Financial Investment Analysis)","","Insurance Management","2923070011","DSE","1","0"
"Bachelor of Business Administration (Financial Investment Analysis)","","International Financial Architecture","2923070012","DSE","1","0"
"Bachelor of Business Administration (Financial Investment Analysis)","","Project Appraisal and Financing","2923072001","DSE","1","0"
"Bachelor of Business Administration (Financial Investment Analysis)","8","Introduction to Foreign Exchange Market","2924000079","GE","1","0"
"Bachelor of Management Studies","","Brand Management","2923062012","DSE","1","0"
"Bachelor of Management Studies","","Business Analysis and Valuation","2923060041","DSE","1","0"
"Bachelor of Management Studies","","Consumer Behavior","2923062023","DSE","2","1"
"Bachelor of Management Studies","","Corporate Taxation and Global Companies","2923060044","DSE","1","0"
"Bachelor of Management Studies","","Customer Relationship Management","2923060025","DSE","1","0"
"Bachelor of Management Studies","","Earnings Management","2923062019","DSE","1","0"
"Bachelor of Management Studies","","Ethics and Governance in Business","2924000030","GE","1","0"
"Bachelor of Management Studies","","Global Marketing","2923062008","DSE","1","0"
"Bachelor of Management Studies","","Global Supply Chain Management","2923060031","DSE","1","0"
"Bachelor of Management Studies","","Global Trade Management (Barriers and Blocs)","2923060030","DSE","1","0"
"Bachelor of Management Studies","","HRD Systems and Strategies","2923060039","DSE","1","0"
"Bachelor of Management Studies","","Human Resource Planning","2923060051","DSE","1","0"
"Bachelor of Management Studies","","Industrial Relations","2923062004","DSE","1","0"
"Bachelor of Management Studies","","International Expansion Strategies","2923060032","DSE","1","0"
"Bachelor of Management Studies","","International Marketing","2923060034","DSE","1","0"
"Bachelor of Management Studies","","International Trade and Documentation","2923062010","DSE","1","0"
"Bachelor of Management Studies","","Legal and Financial Aspects of International Trade","2923060045","DSE","1","0"
"Bachelor of Management Studies","","Microeconomics","2922061202","DSC","2","3"
"Bachelor of Management Studies","","Multinational Operations","2923060046","DSE","1","0"
"Bachelor of Management Studies","","Negotiations","2923062016","DSE","1","0"
"Bachelor of Management Studies","","Recruitment and Selection Management","2923062014","DSE","1","0"
"Bachelor of Management Studies","","Security Analysis & Portfolio Management","2923060028","DSE","2","0"
"Bachelor of Management Studies","","Talent and Competency Management","2923060027","DSE","1","0"
"Bachelor of Management Studies","","Training and Management Development","2923060033","DSE","1","0"
"Bachelor of Management Studies","","Workforce Diversity","2923062015","DSE","1","0"
"Bachelor of Management Studies","3","Macroeconomics","2922062302","DSC","1","2"
"Bachelor of Management Studies","3","Organisational Behaviour","2922062303","DSC","1","0"
"Bachelor of Management Studies","5","Business Ethics and Governance","2922063501","DSC","1","2"
"Bachelor of Management Studies","5","Legal Aspects of Business","2922063502","DSC","1","1"
"Hindustani Music- Vocal & Instrumental","1","Practical Assessment","2449101103","DSC","1","0"
"Hindustani Music- Vocal & Instrumental","1","Stage Performance","2449101102","DSC","1","0"
"Hindustani Music- Vocal & Instrumental","2","Practical Assessment","2442101203","DSC","1","0"
"Hindustani Music- Vocal & Instrumental","2","Stage Performance","2442101202","DSC","1","0"
"Hindustani Music- Vocal & Instrumental","3","Ragas, Talas and their Applications","2442102303","DSC","2","0"
"Hindustani Music- Vocal & Instrumental","3","Stage Performance (3)","2442102302","DSC","2","0"
"Hindustani Music- Vocal & Instrumental","5","Ragas, Talas and their Applications","2442103503","DSC","1","0"
"Hindustani Music- Vocal & Instrumental","5","Stage Performance (5)","2442103502","DSC","1","0"
"Hindustani Music- Vocal & Instrumental","6","Ragas, Talas and their Applications","2442103603","DSC","1","0"
"Hindustani Music- Vocal & Instrumental","6","Stage Performance (6)","2442103602","DSC","1","0"
"History Honours","","Delhi Through the Ages","2313102008","DSE","5","1"
"History Honours","","Delhi through the Ages: From Colonial to Contemporary Times","2314001201","GE","5","7"
"History Honours","","Educational Arrangements and Knowledge in Modern India","2314000008","GE","4","4"
"History Honours","","Fundamemtal of Historical Methodology","2313100014","DSE","2","9"
"History Honours","","Gender in Indian History, c.1500-1950","2313100013","DSE","1","6"
"History Honours","","Gender in Modern World","2314000022","GE","2","9"
"History Honours","","History and Culture: Representations in Texts, Objects and Performance Histories","2314001202","GE","2","1"
"History Honours","","History of India – II c. 4th Century BCE to 750 CE","2312101201","DSC","6","5"
"History Honours","","History of India – IV: c.1200 – 1500","2312102401","DSC","11","3"
"History Honours","","History of India – VII: 1600 – 1750s","2312103601","DSC","5","2"
"History Honours","","History of India – VIII: c. 1857 – 1950","2312103602","DSC","4","3"
"History Honours","","History of Modern Europe – II","2312103603","DSC","3","3"
"History Honours","","History of Modern Japan (c. 1868 – 1950s)","2312102403","DSC","9","2"
"History Honours","","History of South East Asia – II","2313102006","DSE","1","1"
"History Honours","","History of Textiles","2314000023","GE","2","2"
"History Honours","","History of the USA: Reconstruction to New Age Politics","2312101203","DSC","5","3"
"History Honours","","History of Theatre","2314000028","GE","6","2"
"History Honours","","Introduction to Epigraphy and Numismatics","2313100029","DSE","1","2"
"History Honours","","Life Narrative and History","2314000029","GE","2","2"
"History Honours","","Media and Cinema","2314000021","GE","1","2"
"History Honours","","Rise of the Modern West – II","2312102402","DSC","6","3"
"History Honours","","Social Formations and Cultural Patterns of the Medieval World – II","2312101202","DSC","5","6"
"History Honours","","Sources and the Practice of Histroy -II","2313100030","DSE","1","2"
"History Honours","","Sources and the Practice of Histroy -III","2313100027","DSE","1","2"
"History Honours","","Understanding Indian Heritage","2314001204","GE","1","3"
"History Honours","1","Culture a Everyday Life in India","2314001001","GE","2","3"
"History Honours","1","Delhi Through the Ages: The making of its Early Modern History","2314001002","GE","5","3"
"History Honours","1","History of India (From the beginning to fourth century BCE)","2312101101","DSC","5","2"
"History Honours","1","History of the USA: Independence to Civil War","2312101103","DSC","7","1"
"History Honours","1","Science, Technologies and Humans: Contested Histories","2314001003","GE","2","3"
"History Honours","1","Social Formations and Cultural Patterns of the Ancient World-I","2312101102","DSC","8","3"
"History Honours","3","Cultures in Indian Subcontinent – I","2313102304","DSE","1","0"
"History Honours","3","Environment in Indian History","2313102003","DSE","1","0"
"History Honours","3","Global Environmental History","2313102001","DSE","1","0"
"History Honours","3","History of India – III: 750 – 1200","2312102301","DSC","7","1"
"History Honours","3","History of Modern China ( 1840 – 1950s)","2312102303","DSC","4","0"
"History Honours","3","History of South East Asia – I","2313102002","DSE","1","0"
"History Honours","3","Making of Post-Colonial India","2314002002","GE","2","2"
"History Honours","3","Media in History","2314002004","GE","3","3"
"History Honours","3","Rise of the Modern West-I","2312102302","DSC","7","1"
"History Honours","4","Climate Change and Human History","2314000007","GE","2","2"
"History Honours","4","Religious Traditions in the Indian Subcontinent","2314000005","GE","4","9"
"History Honours","4","Sacred Spaces, Temple and Temple Economy (North and South Indian Traditions)","2314000006","GE","1","2"
"History Honours","5","Gender in Indian History up to 1500","2313100010","DSE","1","1"
"History Honours","5","History of Africa c.1500 – 1960s","2313100011","DSE","1","1"
"History Honours","5","History of India – V: c. 1500 – 1600","2312103501","DSC","3","2"
"History Honours","5","History of India – VI: c. 1750 – 1857","2312103502","DSC","5","2"
"History Honours","5","History of Modern Europe – I","2312103503","DSC","7","2"
"History Honours","5","History of the USSR: From Revolution to Disintegration (c. 1917 – 1991)","2313100009","DSE","2","1"
"History Honours","5","Twentieth Century World History: 1900 – 1945.","2314000017","GE","1","4"
"History Honours","5","Women in Indian History","2314000018","GE","2","1"
"History Honours","7","Archaeology: Theory and Practice","2313100019","DSE","1","1"
"History Honours","7","Colonialism and Nationalism: Nineteenth to early twentieth century India","2314000025","GE","1","1"
"Percussion Music Tabla/Pakhawaj","1","Practical Assessment","2449171103","DSC","1","0"
"Percussion Music Tabla/Pakhawaj","1","Stage Performance","2449171102","DSC","1","0"
"Percussion Music Tabla/Pakhawaj","2","Practical Assessment","2442171203","DSC","1","0"
"Percussion Music Tabla/Pakhawaj","2","Stage Performance","2442171202","DSC","1","0"
"Percussion Music Tabla/Pakhawaj","3","Stage Performance","2442172302","DSC","1","0"
"Percussion Music Tabla/Pakhawaj","4","Practical Assessment of Tala","2442172403","DSC","1","0"
"Percussion Music Tabla/Pakhawaj","4","Stage Performance","2442172402","DSC","1","0"
"Percussion Music Tabla/Pakhawaj","5","Practical Assessment of Tala","2442175503","DSC","1","0"
"Percussion Music Tabla/Pakhawaj","5","Stage Performance","2442175502","DSC","1","0"
"Percussion Music Tabla/Pakhawaj","6","Practical Assessment of Tala","2442173603","DSC","1","0"
"Percussion Music Tabla/Pakhawaj","6","Stage Performance","2442173602","DSC","1","0"
"Physical Science courses pertaining to Chemistry","","“Chemistry of Carboxylic Acids & their Derivatives, Amines and Heterocycles”","2172512401","DSC","2","3"
"Physical Science courses pertaining to Chemistry","","Conductance, Electrochemistry and Chemical Kinetics","2173542003","DSE","1","1"
"Physical Science courses pertaining to Chemistry","1","Basic Concepts of Organic Chemistry","2172511101","DSC","2","2"
"Physical Science courses pertaining to Chemistry","3","Chemical Energetics and Equilibria","2172512302","DSC","3","0"
"Physical Science courses pertaining to Chemistry","5","Inorganic Materials of Industrial Importance","2173010002","DSE","1","1"
"Physical Science courses pertaining to Chemistry","5","Polynuclear Hydrocarbons, Pharmaceutical Compounds, UV- Visible & IR Spectroscopy","2173522002","DSE","3","1"
"Psychology Honours","","Disability and Rehabilitation","2114000024","GE","1","0"
"Psychology Honours","1","Introduction to Psychology","21121-01101","DSC","1","0"
"Psychology Honours","3","Development of Indian Psychological Thought","2113102002/","DSE","1","0"
"Psychology Honours","3","Social Behaviour and Group Interactions","2113102001/","DSE","1","0"
"Psychology Honours","3","Social Psychology in Applied Contexts","2112102303","DSC","1","0"
"Psychology Honours","4","Advanced Social Psychology","2113102004","DSE","1","0"
"Psychology Honours","6","Educational Psychology","2113100013","DSE","1","0"
"Psychology Honours","7","Psychology of Spirituality","2112100023","DSE","1","0"
"Psychology Honours","7","Statistical Foundations for Psychological Research","2114000034","GE","1","0"
"Psychology Honours","7","Statistical Techniques Using Software Tools","2112100024","DSE","1","0"
"Skill Enhancement Course","","_: Advance Ancient Indian Economy","2131002604","SEC","1","0"
"Skill Enhancement Course","","©: Rea Pater ate sea are विधाएँ","12051602","SEC","2","0"
"Skill Enhancement Course","","+ Cyber Sphere and Security:","3206001001","SEC","2","0"
"Skill Enhancement Course","","+ Entrepreneurship and Small","62414333","SEC","2","0"
"Skill Enhancement Course","","+ Museum and Museology","2316000004","SEC","1","0"
"Skill Enhancement Course","","+ Social Entrepreneurship","24132500003","SEC","1","0"
"Skill Enhancement Course","","४ अस्मितामूलक विमर्श और","12087503","SEC","1","0"
"Skill Enhancement Course","","a emp: sec","16000001","SEC","1","0"
"Skill Enhancement Course","","A Globalizing World","62321232","SEC","1","0"
"Skill Enhancement Course","","Aadhunik Hindi Kavita","202102402","SEC","1","0"
"Skill Enhancement Course","","Aadikal evam","12052101101","SEC","1","0"
"Skill Enhancement Course","","Academic Writing And Composition","62035918","SEC","2","0"
"Skill Enhancement Course","","Acting And Script Writing","12133901","SEC","3","0"
"Skill Enhancement Course","","Advanced Methodologies","32497601","SEC","2","0"
"Skill Enhancement Course","","Advertising, Personal Selling And Salesmanship","52413613","SEC","2","0"
"Skill Enhancement Course","","Analog Systems And Applications","32221403","SEC","3","0"
"Skill Enhancement Course","","Analytical Clinical Biochemistry","32173907","SEC","4","0"
"Skill Enhancement Course","","Analytical Clinical Biochemistry","42173922","SEC","1","0"
"Skill Enhancement Course","","Analytical Method In Chemistry","32177904","SEC","1","0"
"Skill Enhancement Course","","Analytical Reading And Writing","12033908","SEC","1","0"
"Skill Enhancement Course","","Analytical Techniques In Plant Sciences","42167904","SEC","1","0"
"Skill Enhancement Course","","Anatomy 0F Angiosperms","32161301","SEC","2","0"
"Skill Enhancement Course","","Android Programming","32343407","SEC","1","0"
"Skill Enhancement Course","","Animal Biotechnology","32237903","SEC","1","0"
"Skill Enhancement Course","","Anuvad Kala","2126000001","SEC","5","8"
"Skill Enhancement Course","","Anuvad: Vyavhar Aur Sidhant","62055501","SEC","1","0"
"Skill Enhancement Course","","Anya Gadya Vidhaein","2052202401","SEC","3","0"
"Skill Enhancement Course","","Anya Gadya Vidhayein","62054408","SEC","2","0"
"Skill Enhancement Course","","Apiculture","2236000001","SEC","2","0"
"Skill Enhancement Course","","APP Development using Flutter","2346001003","SEC","1","0"
"Skill Enhancement Course","","Applications Of Computers In Chemistry","32177903","SEC","2","0"
"Skill Enhancement Course","","Applications of Plant Tissue Culture","2166000012","SEC","1","0"
"Skill Enhancement Course","","Applied Gender Studies: Media Literacies","12033916","SEC","3","0"
"Skill Enhancement Course","","Applied Optics","32223908","SEC","2","0"
"Skill Enhancement Course","","Aquaculture Entrepreneurship","2236000006","SEC","1","0"
"Skill Enhancement Course","","Archegoniatae","32161202","SEC","1","0"
"Skill Enhancement Course","","Archives And Museums","12313353","SEC","1","0"
"Skill Enhancement Course","","Ashmitamoolak Vimarsh Aur Hindi Sahitya","62055636","SEC","1","0"
"Skill Enhancement Course","","Avdharanatmak Sahitya Pad","12057611","SEC","4","0"
"Skill Enhancement Course","","Ayurveda and Nutrition","697000001","SEC","1","0"
"Skill Enhancement Course","","Ayurveda and Nutrition","696700000","SEC","1","0"
"Skill Enhancement Course","","Ayurveda And Nutrition","6967000001","SEC","9","0"
"Skill Enhancement Course","","Back-End Web Development","2346001004","SEC","1","0"
"Skill Enhancement Course","","Basic Analytical Techniques","2176000005","SEC","2","0"
"Skill Enhancement Course","","Basic Computational Techniques For Data Analysis","62273601","SEC","5","0"
"Skill Enhancement Course","","Basic Elements Of Ayurveda","62136949","SEC","2","0"
"Skill Enhancement Course","","Basic Forensic science","2156000001","SEC","1","0"
"Skill Enhancement Course","","Basic Instrumentation Skills","32223904","SEC","5","0"
"Skill Enhancement Course","","Basic Laboratory Techniques","2166000017","SEC","1","0"
"Skill Enhancement Course","","Beginners Course to Calligraphy","2036001001","SEC","1","0"
"Skill Enhancement Course","","Bhartiya Bhakti Parampara Aur Manav Mulya","6967000022","SEC","3","0"
"Skill Enhancement Course","","Bhartiya Kavyashastra","12051401","SEC","3","0"
"Skill Enhancement Course","","Bhartiya Sahitya Ki Sankshipt Ruprekha","12057505","SEC","2","0"
"Skill Enhancement Course","","Bhasha Aur Samaj","12053407","SEC","3","0"
"Skill Enhancement Course","","Bhasha Shikshan","62053307","SEC","1","0"
"Skill Enhancement Course","","Big Data Analytics - I","2346000013","SEC","1","3"
"Skill Enhancement Course","","Bio-floc Technology","2236000005","SEC","1","0"
"Skill Enhancement Course","","Biofertilizers","2166000001","SEC","1","0"
"Skill Enhancement Course","","Biogeography And Biodiversity","12297607","SEC","1","0"
"Skill Enhancement Course","","Bioinoculants for Agriculture and Sustainable Development","2536000002","SEC","1","0"
"Skill Enhancement Course","","Biostatistics","32493302","SEC","1","0"
"Skill Enhancement Course","","British Literature: 18Th Century","12031401","SEC","1","0"
"Skill Enhancement Course","","British Literature: Early 20Th Century","12031502","SEC","1","0"
"Skill Enhancement Course","","Business Communication","2416000001","SEC","16","23"
"Skill Enhancement Course","","Business Communication","2416001001","SEC","2","0"
"Skill Enhancement Course","","Business Intelligence and Data Visulisation","2926000001","SEC","1","0"
"Skill Enhancement Course","","CAD for Fashion","2206000001","SEC","1","0"
"Skill Enhancement Course","","Calculus","32351101","SEC","1","0"
"Skill Enhancement Course","","Calculus And Geometry","42351201","SEC","3","0"
"Skill Enhancement Course","","Calculus And Matrices","42351101","SEC","1","0"
"Skill Enhancement Course","","Chemical Energetics, Equilibria & Functional Group Organic Chemistry-I","42171205","SEC","1","0"
"Skill Enhancement Course","","Chemistry Lab Operations and Safety Measures","2176000004","SEC","1","0"
"Skill Enhancement Course","","Chemistry of Cosmetics and Hygiene Products","2176000006","SEC","1","0"
"Skill Enhancement Course","","Chemistry Of Cosmetics And Perfumes","32173910","SEC","6","0"
"Skill Enhancement Course","","Chemistry of Food Flavors and Colourants","2176000002","SEC","2","12"
"Skill Enhancement Course","","Classical Sanskrit Literature (Prose)","12131201","SEC","1","0"
"Skill Enhancement Course","","Climate Change Vulnerability And Mitigation","62295602","SEC","3","0"
"Skill Enhancement Course","","Communication in Everyday","2036001002","SEC","2","0"
"Skill Enhancement Course","","Communication in Professional Life","2036000003","SEC","1","3"
"Skill Enhancement Course","","Comparative Anatomy and","42231202","SEC","1","0"
"Skill Enhancement Course","","Complex Analysis (Including Practicals)","32351601","SEC","2","0"
"Skill Enhancement Course","","Computer Algebra Systems","62353327","SEC","1","0"
"Skill Enhancement Course","","Computer Algebra Systems And Related Software","32353401","SEC","6","0"
"Skill Enhancement Course","","Computer Awareness For Sanskrit","62136950","SEC","3","0"
"Skill Enhancement Course","","Computer System Architecture","42344403","SEC","1","0"
"Skill Enhancement Course","","Conflict And Peace Building","62323601","SEC","2","0"
"Skill Enhancement Course","","Constitutional Values And Fundamentalduties","6967000002","SEC","11","0"
"Skill Enhancement Course","","Contemporary Economic Issues","12273403","SEC","1","0"
"Skill Enhancement Course","","Contemporary Policy And Institutional Framework","2412252301","SEC","1","0"
"Skill Enhancement Course","","Contemporary Policy And Institutional Framework","62417601","SEC","1","0"
"Skill Enhancement Course","","Content development and Media for Children","2206000009","SEC","1","0"
"Skill Enhancement Course","","Creative Writing","2036001004","SEC","1","0"
"Skill Enhancement Course","","Culture And Communication","6967000003","SEC","10","0"
"Skill Enhancement Course","","Cyber Crimes And Laws","52413301","SEC","1","0"
"Skill Enhancement Course","","Cyber Sphere and Security: Global Concerns","3206000001","SEC","7","8"
"Skill Enhancement Course","","Dairy Processing","2206000012","SEC","1","0"
"Skill Enhancement Course","","Data Analysis","12273303","SEC","3","0"
"Skill Enhancement Course","","Data Analysis","62273506","SEC","1","0"
"Skill Enhancement Course","","Data Analysis using Python","42343307","SEC","1","0"
"Skill Enhancement Course","","Design Thinking","3126000003","SEC","1","0"
"Skill Enhancement Course","","Developing Sustainability Plans for a Business","2186000001","SEC","1","0"
"Skill Enhancement Course","","Development Process And Social Movements In Contemporary India","12327903","SEC","2","0"
"Skill Enhancement Course","","Digital Communication-I","2035001002","SEC","3","0"
"Skill Enhancement Course","","Digital Communication-Ii","2035002002","SEC","4","0"
"Skill Enhancement Course","","Digital Film Production","6956000001","SEC","1","0"
"Skill Enhancement Course","","Digital Marketing","2926000002","SEC","1","0"
"Skill Enhancement Course","","Digital Tools for Interior Designing","3205001001","SEC","1","0"
"Skill Enhancement Course","","Disaster Risk Reduction","62297602","SEC","6","0"
"Skill Enhancement Course","","Document Preparation & Presentation Software","2346000012","SEC","1","0"
"Skill Enhancement Course","","Documentary Production","11013401","SEC","1","0"
"Skill Enhancement Course","","Drosophila and Zebra fish model organism in biological studies","6146000001","SEC","1","0"
"Skill Enhancement Course","","E Tourism","6136000001","SEC","1","0"
"Skill Enhancement Course","","E-Commerce","2413401","SEC","1","0"
"Skill Enhancement Course","","Early Child Care and Education Settings","2206000007","SEC","1","0"
"Skill Enhancement Course","","Eco-Printing on Textile","2203100201","SEC","1","0"
"Skill Enhancement Course","","Ecology","32161402","SEC","1","0"
"Skill Enhancement Course","","Ecology And Literature","6967000011","SEC","4","0"
"Skill Enhancement Course","","Economic Botany And Biotechnology","32165401","SEC","1","0"
"Skill Enhancement Course","","Economic Geography","12291401","SEC","1","0"
"Skill Enhancement Course","","Electromagnetic Theory","32221601","SEC","1","0"
"Skill Enhancement Course","","Elementary Persian","72092801","SEC","1","0"
"Skill Enhancement Course","","Elements Of Indian Music","62443301","SEC","1","0"
"Skill Enhancement Course","","Emotional Intelligence","6967000005","SEC","12","0"
"Skill Enhancement Course","","English A","72032801","SEC","3","0"
"Skill Enhancement Course","","English Fluency","62031106","SEC","1","0"
"Skill Enhancement Course","","English Fluency","62031902","SEC","4","0"
"Skill Enhancement Course","","English Language Teaching","12033902","SEC","3","0"
"Skill Enhancement Course","","English Language Through Literature","62031901","SEC","5","0"
"Skill Enhancement Course","","English Language Through Literature","2035002001","SEC","2","0"
"Skill Enhancement Course","","English Language Through Literature","62031105","SEC","1","0"
"Skill Enhancement Course","","English Language Through Literature-I","2035001004","SEC","1","0"
"Skill Enhancement Course","","English Proficiency","62031903","SEC","2","0"
"Skill Enhancement Course","","ENTREPRENEURSHIP","610186","SEC","1","0"
"Skill Enhancement Course","","Environmental Auditing","2186000007","SEC","1","0"
"Skill Enhancement Course","","Environmental Geography","62294406","SEC","1","0"
"Skill Enhancement Course","","Environmental Impact and Risk Assessment","2186000004","SEC","1","0"
"Skill Enhancement Course","","Environmental Studies","72182801","SEC","5","0"
"Skill Enhancement Course","","ESB 5(b) Evolution of Policy","62417504","SEC","4","0"
"Skill Enhancement Course","","Essential Food Nutrients","2176000001","SEC","13","10"
"Skill Enhancement Course","","Ethics And Culture","6967000006","SEC","8","0"
"Skill Enhancement Course","","Ethics And Values In Ancient Indian Traditions","6967000007","SEC","11","0"
"Skill Enhancement Course","","Exploring Medicinal Plants: From Cultivation to Applications","2166000013","SEC","1","0"
"Skill Enhancement Course","","Field Techniques And Surveying Methods","62293503","SEC","3","0"
"Skill Enhancement Course","","Film Studies","12033915","SEC","3","0"
"Skill Enhancement Course","","Finance for Everyone","2416000002","SEC","7","18"
"Skill Enhancement Course","","Financial Database and Analysis Software","2926000003","SEC","1","0"
"Skill Enhancement Course","","Financial Literacy","6967000008","SEC","12","0"
"Skill Enhancement Course","","Financial Modelling with Excel","2356000003","SEC","1","0"
"Skill Enhancement Course","","Fish Breeding and Larviculture","2236000003","SEC","1","0"
"Skill Enhancement Course","","Fitness And Exercise Management","12555423","SEC","1","0"
"Skill Enhancement Course","","Floriculture","2166000004","SEC","1","0"
"Skill Enhancement Course","","Fluency In English","52031902","SEC","2","0"
"Skill Enhancement Course","","Food Waste and By-Product Utilisation","2206000015","SEC","1","0"
"Skill Enhancement Course","","Forensic Chemistry","2176000008","SEC","10","11"
"Skill Enhancement Course","","Formulation of Fish Feed","2236000002","SEC","1","0"
"Skill Enhancement Course","","Front End Web Design and Development","2346000008","SEC","1","0"
"Skill Enhancement Course","","Fruits and Vegetable Processing","2206000013","SEC","1","0"
"Skill Enhancement Course","","ft ar साहित्य","2958100009","SEC","1","0"
"Skill Enhancement Course","","Fundamentals Of Business Organisation For Entrepreneurs","2412251101","SEC","1","0"
"Skill Enhancement Course","","Fundamentals Of Enterpreneurship","2412251201","SEC","1","0"
"Skill Enhancement Course","","Fundamentals Of Entrepreneurship","62411213","SEC","2","0"
"Skill Enhancement Course","","Fundamentals Of Indian Music","2442201101","SEC","1","0"
"Skill Enhancement Course","","Fundamentals Of Remote Sensing And Gps/Gnss","62293406","SEC","2","0"
"Skill Enhancement Course","","Gandhi And Education","6967000010","SEC","6","0"
"Skill Enhancement Course","","Gene Organization, Replication And Repair","32491402","SEC","1","0"
"Skill Enhancement Course","","General Concept Of Indian Music (Core)","62443401","SEC","2","0"
"Skill Enhancement Course","","General Geography","62294304","SEC","3","0"
"Skill Enhancement Course","","General Study Of Indian Music","62443601","SEC","1","0"
"Skill Enhancement Course","","General Theory","42161201","SEC","5","0"
"Skill Enhancement Course","","Genetic Engineering And Biotechnology","32491601","SEC","1","0"
"Skill Enhancement Course","","Genetics And Evolutionary Biology","42234406","SEC","4","0"
"Skill Enhancement Course","","Graphics Design & Animation","6956000002","SEC","1","0"
"Skill Enhancement Course","","Green Belt Development for Smart Cities","2166000006","SEC","1","0"
"Skill Enhancement Course","","Green Methods in Chemistry","32173908","SEC","7","4"
"Skill Enhancement Course","","Harmonium","2446000001","SEC","1","0"
"Skill Enhancement Course","","Healthy and Sustainable Food Choices","2206000003","SEC","1","0"
"Skill Enhancement Course","","Heritage And Tourism","62313364","SEC","2","0"
"Skill Enhancement Course","","Hindi - A","62051102","SEC","1","0"
"Skill Enhancement Course","","Hindi - A","62051404","SEC","3","0"
"Skill Enhancement Course","","Hindi - B","62051103","SEC","3","0"
"Skill Enhancement Course","","Hindi - C","62051104","SEC","2","0"
"Skill Enhancement Course","","Hindi - C","62051204","SEC","1","0"
"Skill Enhancement Course","","Hindi A","62051202","SEC","5","0"
"Skill Enhancement Course","","Hindi A","62051312","SEC","6","0"
"Skill Enhancement Course","","Hindi A - Aadhunik Bhartiya Bhasha : Hindi Bhasha Aur Sahitya","62051213","SEC","2","0"
"Skill Enhancement Course","","Hindi Aalochana","12051601","SEC","5","0"
"Skill Enhancement Course","","Hindi B","62051203","SEC","3","0"
"Skill Enhancement Course","","Hindi Bhasha Aur Sahitya","52051222","SEC","1","0"
"Skill Enhancement Course","","Hindi Bhasha Aur Sahitya (A)","2055201001","SEC","6","0"
"Skill Enhancement Course","","Hindi Bhasha Aur Sahitya (B)","2055201002","SEC","2","0"
"Skill Enhancement Course","","Hindi Bhasha Aur Sahitya (C)","2055201003","SEC","5","0"
"Skill Enhancement Course","","Hindi Bhasha Aur Sahitya Ka Itihas","2052201101","SEC","6","0"
"Skill Enhancement Course","","Hindi Bhasha Aur Sahitya Ka Udbhav Aur Vikash (Hindi A)","2055091001","SEC","4","0"
"Skill Enhancement Course","","Hindi Bhasha Aur Sahitya Ka Udbhav Aur Vikash (Hindi B)","2055091002","SEC","2","0"
"Skill Enhancement Course","","Hindi Bhasha Aur Sahitya Ka Udbhav Aur Vikash (Hindi C)","2055091003","SEC","6","0"
"Skill Enhancement Course","","Hindi Bhasha Aur Sampreshan","72052805","SEC","1","0"
"Skill Enhancement Course","","Hindi Bhasha Aur Sampreshan","72052804","SEC","4","0"
"Skill Enhancement Course","","Hindi Bhasha Aur Sampreshan","72052803","SEC","7","0"
"Skill Enhancement Course","","Hindi Bhasha Aur Taknik ( Hindi C)","2051002003","SEC","12","0"
"Skill Enhancement Course","","Hindi Bhasha Ka Vyavbarik Vyakaran","62057502","SEC","1","0"
"Skill Enhancement Course","","Hindi Bhasha Yogyta Samvardhak","72052807","SEC","2","0"
"Skill Enhancement Course","","Hindi C","52051223","SEC","1","0"
"Skill Enhancement Course","","Hindi Cinema Aur Uska Adhyyan","2054001003","SEC","4","0"
"Skill Enhancement Course","","Hindi E (???????? ????? ????????? - I)","2051001006","SEC","5","0"
"Skill Enhancement Course","","Hindi Evam Anya Bhartiya Bhashein","2052104701","SEC","1","0"
"Skill Enhancement Course","","Hindi Gadda : Udbhav Aur Vikas (Hindi-A)","62081339","SEC","1","0"
"Skill Enhancement Course","","Hindi Gadda : Udbhav Aur Vikas (Hindi-B)","62081340","SEC","1","0"
"Skill Enhancement Course","","Hindi Gadda : Udbhav Aur Vikas (Hindi-C)","62051314","SEC","2","0"
"Skill Enhancement Course","","Hindi Gadda Udbhav Aur Vikas (Hindi-C)","62081341","SEC","1","0"
"Skill Enhancement Course","","Hindi Gadya : Udbhav Aur Vikas (A)","2055002001","SEC","5","0"
"Skill Enhancement Course","","Hindi Gadya : Udbhav Aur Vikas Hindi-B","62051313","SEC","5","0"
"Skill Enhancement Course","","Hindi Gadya Vikas Ke Vividh Charan(A)","2055092001","SEC","3","0"
"Skill Enhancement Course","","Hindi Gadya Vikas Ke Vividh Charan(B)","2055092002","SEC","2","0"
"Skill Enhancement Course","","Hindi Gadya Vikas Ke Vividh Charan(C)","2055092003","SEC","2","0"
"Skill Enhancement Course","","Hindi Gadya: Udbhav Aur Vikas (B)","2055002002","SEC","2","0"
"Skill Enhancement Course","","Hindi Gadya: Udbhay au","2055002011","SEC","1","0"
"Skill Enhancement Course","","Hindi Gadya:Udbhav Aur Vikas(C)","2055002003","SEC","3","0"
"Skill Enhancement Course","","Hindi K Vivid Roop","62057511","SEC","1","0"
"Skill Enhancement Course","","Hindi Ka Maukhik Sahitya Aur Uski Parampara","2052201202","SEC","1","0"
"Skill Enhancement Course","","Hindi Katha Sahitya","2052202301","SEC","5","0"
"Skill Enhancement Course","","Hindi Katha Sahitya","62054306","SEC","3","0"
"Skill Enhancement Course","","Hindi Kavita (Madhyakal Aur Aadhunik Kaal)","62051201","SEC","2","0"
"Skill Enhancement Course","","Hindi Kavita (Madhyakal Aur Aadhunikkal)","2052201201","SEC","7","0"
"Skill Enhancement Course","","Hindi Kavita (Reetikaleen Kavya)","12051202","SEC","1","0"
"Skill Enhancement Course","","Hindi Kavita: Aadikal Evam","2052101001","SEC","1","0"
"Skill Enhancement Course","","Hindi Ki Bhashik Vividtaye","12057608","SEC","2","0"
"Skill Enhancement Course","","Hindi Language and Literature","62051412","SEC","1","0"
"Skill Enhancement Course","","Hindi Natak/Akenki","12051502","SEC","5","0"
"Skill Enhancement Course","","Hindi Nibandh","2052204801","SEC","1","0"
"Skill Enhancement Course","","Hindi Rangmanch","62057503","SEC","2","0"
"Skill Enhancement Course","","Hindi Rangmanch","12057612","SEC","2","0"
"Skill Enhancement Course","","Hindi Sahitya Aur Bhartiye Mulyebodh","2054000024","SEC","1","0"
"Skill Enhancement Course","","Hindi Sahitya Ka Itihas","12051301","SEC","2","0"
"Skill Enhancement Course","","Hindi Sahitya Ka Itihas (Aadikal Aur Madhyakal)","12051201","SEC","4","0"
"Skill Enhancement Course","","Hindi Sahitya Ka Itihas (Bhaag-1)","2054000030","SEC","1","0"
"Skill Enhancement Course","","Hindi Sahitya Ka Ltihas (Part-2)","2054000031","SEC","1","0"
"Skill Enhancement Course","","Hindi Sahitya Me Bharatbodh","2052104801","SEC","1","0"
"Skill Enhancement Course","","Hindi Stree Lekhan","2053200006","SEC","1","0"
"Skill Enhancement Course","","Hindi-C","62051413","SEC","2","0"
"Skill Enhancement Course","","Hindi(D)","2051001004","SEC","2","0"
"Skill Enhancement Course","","History And Archaeology","62313465","SEC","2","0"
"Skill Enhancement Course","","Horticulture","2166000005","SEC","1","0"
"Skill Enhancement Course","","Human Physiology","32235907","SEC","1","0"
"Skill Enhancement Course","","Human Rights, Gender And Environment","62325602","SEC","2","0"
"Skill Enhancement Course","","Hydrology And Soil Studies","12297506","SEC","2","0"
"Skill Enhancement Course","","Hydroponic and Aeroponic Farming","2166000003","SEC","1","0"
"Skill Enhancement Course","","Image Styling","2206000008","SEC","1","0"
"Skill Enhancement Course","","Immunology","42237904","SEC","3","0"
"Skill Enhancement Course","","India'S Foreign Policy In A Globalizing World","12327906","SEC","1","0"
"Skill Enhancement Course","","Indian Art And Architecture","12313405","SEC","6","0"
"Skill Enhancement Course","","Indian English Literatures","12035911","SEC","1","0"
"Skill Enhancement Course","","Indian Government And Politics","62321201","SEC","3","0"
"Skill Enhancement Course","","Indian Ontology And Epistemology","12131601","SEC","4","0"
"Skill Enhancement Course","","Indian Theatre","62136939","SEC","1","0"
"Skill Enhancement Course","","Individual, Familly And Community In Indian Social Thought","12135910","SEC","1","0"
"Skill Enhancement Course","","Industrial And Environmental Microbiology","32167601","SEC","1","0"
"Skill Enhancement Course","","Injury Prevention And Rehabilitation In Athletics","2554002003","SEC","1","0"
"Skill Enhancement Course","","Innovation and Entrepreneurship","3126000004","SEC","1","0"
"Skill Enhancement Course","","Insurance And Risk Management","22415403","SEC","1","0"
"Skill Enhancement Course","","Intellectual Property Rights","32163302","SEC","2","0"
"Skill Enhancement Course","","Intellectual Property Rights","42163601","SEC","1","0"
"Skill Enhancement Course","","Intellectual Property Rights","32173906","SEC","2","0"
"Skill Enhancement Course","","Intemediate Microeconomics Ii","12271401","SEC","2","0"
"Skill Enhancement Course","","International Business","52417606","SEC","1","0"
"Skill Enhancement Course","","Introduction to Arabic Calligraphy","2016001025","SEC","1","0"
"Skill Enhancement Course","","Introduction to Blockchain","2346000009","SEC","1","0"
"Skill Enhancement Course","","Introduction to Cloud Computing (AWS)","2346011202","SEC","1","0"
"Skill Enhancement Course","","Introduction To Gi Science","62293602","SEC","4","0"
"Skill Enhancement Course","","Introduction To The Indian Constitution","2324001202","SEC","1","0"
"Skill Enhancement Course","","Introduction To Web Programming","32491202","SEC","1","0"
"Skill Enhancement Course","","Introductory Macroeconomics","12275201","SEC","3","0"
"Skill Enhancement Course","","Issue.S In T`Wentieth-Century World History Ii","62317641","SEC","5","0"
"Skill Enhancement Course","","Issues In Twentieth Century World History - I (The 20Th Century)","62317520","SEC","3","0"
"Skill Enhancement Course","","IT Skills and Data Analysis — I","3126000001","SEC","1","0"
"Skill Enhancement Course","","IT Skills and Data Analysis- II","3126005001","SEC","1","0"
"Skill Enhancement Course","","It Skills For Chemists","32173901","SEC","5","0"
"Skill Enhancement Course","","Janpadiya Sahitya(Loknatya Vishesh)","2052202302","SEC","1","0"
"Skill Enhancement Course","","Kisi Ek Sahityakar Ka Adhyayan(Jayshankar Prasad)","2052202403","SEC","2","0"
"Skill Enhancement Course","","Lab Testing and Quality Assurance","2176000003","SEC","3","10"
"Skill Enhancement Course","","Latex And Html","32353301","SEC","5","0"
"Skill Enhancement Course","","Latex Typesetting for Beginners","2356000001","SEC","1","0"
"Skill Enhancement Course","","Launching A New Venture","2412252401","SEC","1","0"
"Skill Enhancement Course","","Leadership and Team","22413411","SEC","1","0"
"Skill Enhancement Course","","Legislative Practice And Procedures","12323903","SEC","3","0"
"Skill Enhancement Course","","Life Skill Education","2336000002","SEC","10","9"
"Skill Enhancement Course","","Literary Cross Currents, Selections From Living Literatures: An Anthology Of Prose And Poetry","62034401","SEC","6","0"
"Skill Enhancement Course","","Literature In Cross-Cultural Encounters","12033910","SEC","1","0"
"Skill Enhancement Course","","Lok Natya","12057607","SEC","4","0"
"Skill Enhancement Course","","Mathematical Physics - Ii","32221301","SEC","1","0"
"Skill Enhancement Course","","Mathematical Typesetting System: Latex","62353425","SEC","2","0"
"Skill Enhancement Course","","Mathematical Typesetting System: Latex","42353405","SEC","1","0"
"Skill Enhancement Course","","Media And Communication Skills","12035902","SEC","1","0"
"Skill Enhancement Course","","Medical Diagnostics","3186000001","SEC","1","0"
"Skill Enhancement Course","","Medicinal Botany","32163404","SEC","6","0"
"Skill Enhancement Course","","Methods in Epidemiological Data Analysis","3186000002","SEC","1","0"
"Skill Enhancement Course","","Methods Of Sociological Inquiry","62304401","SEC","3","0"
"Skill Enhancement Course","","Microbiology And Phycology","32161101","SEC","1","0"
"Skill Enhancement Course","","Modes Of Creative Writing: Poetry, Fiction And Drama","12033914","SEC","2","0"
"Skill Enhancement Course","","Museum and Museology","2316000001","SEC","20","9"
"Skill Enhancement Course","","Museum and Museology","2816000001","SEC","3","0"
"Skill Enhancement Course","","Mushroom Culture and Technology – I","2166000008","SEC","1","0"
"Skill Enhancement Course","","Mushroom Culture and Technology – II","2166005001","SEC","1","0"
"Skill Enhancement Course","","Mycology And Phytopathology","32161201","SEC","1","0"
"Skill Enhancement Course","","National Cadet Corps - I","6967001101","SEC","4","0"
"Skill Enhancement Course","","National Cadet Corps - Iii","6967002301","SEC","4","0"
"Skill Enhancement Course","","National Cadet Corps-1","6967000012","SEC","1","0"
"Skill Enhancement Course","","National Cadet Corps-It","6967007002","SEC","2","0"
"Skill Enhancement Course","","Negotiation and Leadership","2416000003","SEC","1","0"
"Skill Enhancement Course","","Network Flows","2356000005","SEC","1","0"
"Skill Enhancement Course","","Niti Literature","72132803","SEC","1","0"
"Skill Enhancement Course","","Numerical Analysis","32223912","SEC","3","0"
"Skill Enhancement Course","","Numerical Analysis (SEC)","42223912","SEC","1","0"
"Skill Enhancement Course","","Numerical Analysis |","42223902","SEC","1","0"
"Skill Enhancement Course","","Nursery Gardening and Landscaping","2166000007","SEC","1","0"
"Skill Enhancement Course","","Olympic Education","2554002001","SEC","1","0"
"Skill Enhancement Course","","Open-Source Software","62343502","SEC","2","0"
"Skill Enhancement Course","","Operating System","42344304","SEC","3","0"
"Skill Enhancement Course","","Organic Farming","2166000002","SEC","1","0"
"Skill Enhancement Course","","Organo-Mettalics, Bio-Inorganic Chemistry, Polynuclear-Hydrocarbons And Uv&Ir","42177926","SEC","6","0"
"Skill Enhancement Course","","Ornamental Fish Culture: Opportunity and Scope","2236000004","SEC","1","0"
"Skill Enhancement Course","","Panchkosha: Holistic Development Of Personality","6967000013","SEC","7","0"
"Skill Enhancement Course","","Partition Literature","12037610","SEC","1","0"
"Skill Enhancement Course","","Pashchatya Kavyashastra","12051501","SEC","3","0"
"Skill Enhancement Course","","Pasta and Patisserie Technology","2206000005","SEC","1","0"
"Skill Enhancement Course","","Pearl Culture","2236000007","SEC","1","0"
"Skill Enhancement Course","","Personal Finance","52413504","SEC","1","0"
"Skill Enhancement Course","","Personal Financial planning","7416000004","SEC","1","0"
"Skill Enhancement Course","","Personal Financial Planning","2416000004","SEC","25","14"
"Skill Enhancement Course","","Personality Development and Communication","2036000005","SEC","18","14"
"Skill Enhancement Course","","Personality Development and Communication","2086000005","SEC","1","0"
"Skill Enhancement Course","","Pesticide Chemistry","32173911","SEC","2","0"
"Skill Enhancement Course","","Pharmaceutical Chemistry","32173909","SEC","4","0"
"Skill Enhancement Course","","Php Programming","62343319","SEC","1","0"
"Skill Enhancement Course","","PHP. Programming","42343002","SEC","1","0"
"Skill Enhancement Course","","Physics Workshop Skills","32223901","SEC","1","0"
"Skill Enhancement Course","","Physiology: Controlling And Coordinating Systems","32231302","SEC","1","0"
"Skill Enhancement Course","","Plant Aromatics and Perfumery","2166000010","SEC","1","0"
"Skill Enhancement Course","","Plant Ecology And Taxonomy","32165201","SEC","2","0"
"Skill Enhancement Course","","Plant Metabolism","32161601","SEC","2","0"
"Skill Enhancement Course","","Plant Tissue Culture","2166000011","SEC","1","0"
"Skill Enhancement Course","","Political Leadership and","3206001002","SEC","5","0"
"Skill Enhancement Course","","Political Leadership and Communication","3206000002","SEC","22","9"
"Skill Enhancement Course","","Polymerase chain reaction (PCR) and its applications","2496000003","SEC","1","0"
"Skill Enhancement Course","","Popular Culture","62313518","SEC","2","0"
"Skill Enhancement Course","","Practical Aspects Of Entrepreneurship","2412253501","SEC","1","0"
"Skill Enhancement Course","","Prak-Uponibesher Bangla Sahitya - Ii (10Th To 18Th Shatak)","2082201202","SEC","1","0"
"Skill Enhancement Course","","Principles Of Macroeconomics","62275604","SEC","1","0"
"Skill Enhancement Course","","Principles Of Microeconomics","2274001003","SEC","2","0"
"Skill Enhancement Course","","Principles Of Microeconomics - Ii","62271201","SEC","1","0"
"Skill Enhancement Course","","Programming Fundamentals Using C++","2342571101","SEC","1","0"
"Skill Enhancement Course","","Prospecting E-waste for Sustainability","2186000002","SEC","1","0"
"Skill Enhancement Course","","Proteins","32491201","SEC","1","0"
"Skill Enhancement Course","","Public Finance","12275403","SEC","1","0"
"Skill Enhancement Course","","Public health, Hygiene, and nutrition","2206000018","SEC","1","0"
"Skill Enhancement Course","","Public Speaking in English Language and Leadership","2036001006","SEC","1","0"
"Skill Enhancement Course","","R-Shiny: Powerful Web Apps for Everyone","2356000004","SEC","1","0"
"Skill Enhancement Course","","Rachnatmak Lekhan","2056000003","SEC","1","0"
"Skill Enhancement Course","","Rachnatmak Lekhan","62053302","SEC","1","0"
"Skill Enhancement Course","","Radiation Safety","32223907","SEC","3","0"
"Skill Enhancement Course","","Radiation Safety","222600001","SEC","3","0"
"Skill Enhancement Course","","Radio And Cinema In India : A Social History","62313621","SEC","1","0"
"Skill Enhancement Course","","Radio Jockeying","6930000045","SEC","1","0"
"Skill Enhancement Course","","Reading Indian Fiction In English","6967000014","SEC","11","0"
"Skill Enhancement Course","","Reading Skills In Brahmi Scripts","12133902","SEC","1","0"
"Skill Enhancement Course","","Reading the Archive","2316000002","SEC","14","9"
"Skill Enhancement Course","","Readings On Indian Diversities And Literary Movements","12035908","SEC","1","0"
"Skill Enhancement Course","","Readings On Indian Diversities And Literary Movements","62035924","SEC","1","0"
"Skill Enhancement Course","","Real Analysis","32351201","SEC","1","0"
"Skill Enhancement Course","","Renewable Energy And Energy Harvesting","32223905","SEC","2","0"
"Skill Enhancement Course","","Research Methodology","12273404","SEC","2","0"
"Skill Enhancement Course","","Research Methodology.","62273426","SEC","3","0"
"Skill Enhancement Course","","Riemann Integration And Series Of Functions","32351402","SEC","1","0"
"Skill Enhancement Course","","Sahitya Chintan","2052203601","SEC","2","0"
"Skill Enhancement Course","","Sahitya, Sanskriti Aur Cinema","6967000023","SEC","7","0"
"Skill Enhancement Course","","Sahityachintan","62057632","SEC","3","0"
"Skill Enhancement Course","","Sahityalochan","2054000029","SEC","3","0"
"Skill Enhancement Course","","Sanchar Kranti Aur Global Media","2054002006","SEC","1","0"
"Skill Enhancement Course","","Sanskrit B: Introductory Upanishad And Geeta","2131002002","SEC","3","0"
"Skill Enhancement Course","","Sanskrit C: (Introductory) Introduction To Sanskrit Language","2131002003","SEC","5","0"
"Skill Enhancement Course","","Sanskrit Meters And Music","12133905","SEC","3","0"
"Skill Enhancement Course","","Science And Society","6967000015","SEC","4","0"
"Skill Enhancement Course","","Script Writing Skills in Sanskrit Dramaturgy","2136000003","SEC","5","8"
"Skill Enhancement Course","","Script Writing Skills In Sanskrit Dramaturgy","2136000004","SEC","2","0"
"Skill Enhancement Course","","SEC Applied Optics","32223008","SEC","1","0"
"Skill Enhancement Course","","SEC-1 Computer Algebra","42353328","SEC","1","0"
"Skill Enhancement Course","","Selections (Poems And Short Stories) From Modern Indian Literature","62031201","SEC","7","0"
"Skill Enhancement Course","","Sericulture- II: Eri Silkworm Rearing","6016005001","SEC","1","0"
"Skill Enhancement Course","","Sericulture-I: Mulberry Silkworm Rearing","6016000001","SEC","1","0"
"Skill Enhancement Course","","Sericulture-III: Silk Technology","6016006001","SEC","1","0"
"Skill Enhancement Course","","Sericulture-IV: Application of Sericulture in Therapeutic and Cosmetic Industry","6016007004","SEC","1","0"
"Skill Enhancement Course","","Sirjnatmak Lekhan Ke Aayam","6967000024","SEC","2","0"
"Skill Enhancement Course","","Small Scale Catering","2206000010","SEC","1","0"
"Skill Enhancement Course","","Social And Emotional Learning","6967000016","SEC","8","0"
"Skill Enhancement Course","","Social Formations And Cultural Patterns Of The Ancient And Medieval World","12311204","SEC","1","0"
"Skill Enhancement Course","","Social Media","12053303","SEC","2","0"
"Skill Enhancement Course","","Social Media (SEC)","12055103","SEC","2","0"
"Skill Enhancement Course","","Social Media Marketing","2416000005","SEC","17","17"
"Skill Enhancement Course","","Solutions, Phase Equilibrium, Conductance , Electrochemistry & Functional Group Organic Chemistry-Ii","42174304","SEC","2","0"
"Skill Enhancement Course","","Solutions, Phase Equilibrium, Conductance, Electrochemistry & Functional Group Organic Chemistry- Ii","32175915","SEC","2","0"
"Skill Enhancement Course","","Srjnatmak Lekhan","2126000002","SEC","4","12"
"Skill Enhancement Course","","Statistical Software - R","42353605","SEC","3","0"
"Skill Enhancement Course","","Statistical Software Package","2926000004","SEC","1","0"
"Skill Enhancement Course","","Statistical Software R","62353607","SEC","1","0"
"Skill Enhancement Course","","Statistics with 'R’","2926000005","SEC","1","0"
"Skill Enhancement Course","","Sustainable Ecotourism and Entrepreneurship","6136000002","SEC","1","0"
"Skill Enhancement Course","","Sustainable Resource Development","12295404","SEC","1","0"
"Skill Enhancement Course","","Sustainably Reporting","2186000006","SEC","1","0"
"Skill Enhancement Course","","Swachh Bharat","6967000018","SEC","10","0"
"Skill Enhancement Course","","System Administration & Maintenance","62343635","SEC","1","0"
"Skill Enhancement Course","","The Art Of Being Happy","6967000019","SEC","10","0"
"Skill Enhancement Course","","Theatre And Dramaturgy","12137903","SEC","5","0"
"Skill Enhancement Course","","Theory Of Real Functions","32351301","SEC","2","0"
"Skill Enhancement Course","","Traditional Indian Gastronomy","2136000008","SEC","1","9"
"Skill Enhancement Course","","Traditional Indian Gastronomy, SEC","22136000008","SEC","1","0"
"Skill Enhancement Course","","Training And Development","22413302","SEC","1","0"
"Skill Enhancement Course","","Translation Studies","12033904","SEC","4","0"
"Skill Enhancement Course","","Transportation And Network Flow Problems","42353504","SEC","2","0"
"Skill Enhancement Course","","Understanding Ambedkar","12325905","SEC","1","0"
"Skill Enhancement Course","","Understanding Text, Rituals And Orality In Indian History","62313620","SEC","3","0"
"Skill Enhancement Course","","Understanding The Economic Survey And Union Budget","62273326","SEC","2","0"
"Skill Enhancement Course","","Value Addition Course (VAC)","6967001015","SEC","2","0"
"Skill Enhancement Course","","Vedic Mathematics - I","6967000020","SEC","6","0"
"Skill Enhancement Course","","Vedic Mathematics - Ii","6967006001","SEC","2","0"
"Skill Enhancement Course","","Vedic Mathematics - Iii","6967007001","SEC","5","0"
"Skill Enhancement Course","","Vedic Mathematics |","6967001020","SEC","2","0"
"Skill Enhancement Course","","Vibhajan Vibhishika Aur Hindi Sahitya","2053200001","SEC","1","0"
"Skill Enhancement Course","","Viewing and capturing Diversity in Nature","2186000005","SEC","1","0"
"Skill Enhancement Course","","Vigyapan And Hindi Bhasha","62053408","SEC","2","0"
"Skill Enhancement Course","","Vimarsh Ki Samajajiki Aur Hindi Sahitya","2052203602","SEC","1","0"
"Skill Enhancement Course","","Virtual Instrumentation","32513910","SEC","1","0"
"Skill Enhancement Course","","VISUAL COMMUNICATION AND PHOTOGRAPHY","2206000002","SEC","1","0"
"Skill Enhancement Course","","vt The Gita : Navigating Life","6967006032","SEC","1","0"
"Skill Enhancement Course","","Weather Forecasting","32223909","SEC","1","0"
"Skill Enhancement Course","","Web Design Using Html5","42343503","SEC","1","0"
"Skill Enhancement Course","","Whartiva Ravyashastra","28210201","SEC","1","0"
"Skill Enhancement Course","","Working with People","2336000001","SEC","4","9"
"Skill Enhancement Course","","Yoga in Practice","2136000001","SEC","1","0"
"Skill Enhancement Course","","Yoga: Philosophy And Practice","6967000021","SEC","4","0"
"Skill Enhancement Course","","Your Laws Your Rights","62323506","SEC","2","0"
"Skill Enhancement Course","","Your Laws, Your Rights","12323901","SEC","1","0"
"Skill Enhancement Course","","अस्मितामूलक विमर्श और हिन्दी साहित्य","12057503","SEC","2","0"
"Skill Enhancement Course","","भारतीय एवं पाश्चात्य रंगमंच सिद्धांत","12057504","SEC","2","0"
"Skill Enhancement Course","","लोकप्रिय हिन्दी साहित्य","2054000008","SEC","1","0"
"Skill Enhancement Course","","ह िंदी भाषा : अनुप्रयोग के क्षेत्र","62051112","SEC","1","0"
"Skill Enhancement Course","","हिंदी उपन्यास","12051403","SEC","4","0"
"Skill Enhancement Course","","हिंदी निबंध और अन्य गद्य विधाएँ","12081602","SEC","1","0"
"Skill Enhancement Course","","हिंदी भाषा और उसकी लिपि का इतिहास","12051101","SEC","2","0"
"Skill Enhancement Course","","हिन्दी कविता (आधुनिक काल-छायावाद तक)","12051302","SEC","2","0"
"Skill Enhancement Course","","हिन्दी कविता (छायावाद के बाद)","12051402","SEC","2","0"
"Skill Enhancement Course","","हिन्दी कहिता (आहिकाल एिं भक्तिकालीन काव्य)","12051102","SEC","2","0"
"Skill Enhancement Course","","हिन्दी भाषा और साहित्यय का इतिहास","62051101","SEC","1","0"
"Skill Enhancement Course","","हिन्दी भाषा का व्यवहारिक व्याकरण","12057502","SEC","4","0"
"Skill Enhancement Course","","िहंदी कहानी","12051303","SEC","1","0"
"Value Addition Course","","+ Ecology and Literature","6967001011","VAC","1","0"
"Value Addition Course","","Ayurveda and Nutrition","6967001001","VAC","1","0"
"Value Addition Course","","Ayurveda And Nutrition","6967000001","VAC","10","0"
"Value Addition Course","","Bhartiya Bhakti Parampara Aur Manav Mulya","6967000022","VAC","4","0"
"Value Addition Course","","Constitutional Values","26967000002","VAC","1","0"
"Value Addition Course","","Constitutional Values And Fundamentalduties","6967001002","VAC","2","0"
"Value Addition Course","","Constitutional Values And Fundamentalduties","6967000002","VAC","17","0"
"Value Addition Course","","Culture And Communication","6967000003","VAC","10","0"
"Value Addition Course","","Digital Empowerment","6967001004","VAC","2","0"
"Value Addition Course","","Ecology And Literature","6967000011","VAC","7","0"
"Value Addition Course","","Emotional Intelligence","6967000005","VAC","13","0"
"Value Addition Course","","Emotional Intelligence","6967001005","VAC","2","0"
"Value Addition Course","","Ethics And Culture","6967000006","VAC","8","0"
"Value Addition Course","","Ethics And Values In Ancient Indian Traditions","6967000007","VAC","9","0"
"Value Addition Course","","Financial Literacy","6967000008","VAC","11","0"
"Value Addition Course","","Financial Literacy","6967001008","VAC","1","0"
"Value Addition Course","","Gandhi And Education","6967000010","VAC","11","0"
"Value Addition Course","","National Cadet Corps - I","6967001101","VAC","1","0"
"Value Addition Course","","National Cadet Corps - Iii","6967002301","VAC","1","0"
"Value Addition Course","","National Cadet Corps - Iv","6967002401","VAC","4","0"
"Value Addition Course","","National Cadet Corps-Ii","6967001201","VAC","1","0"
"Value Addition Course","","Panchakosha: Holistic","6967001013","VAC","1","0"
"Value Addition Course","","Panchkosha: Holistic Development Of Personality","6967000013","VAC","2","0"
"Value Addition Course","","Reading Indian Fiction In English","6967000014","VAC","5","0"
"Value Addition Course","","Sahitya, Sanskriti Aur Cinema","6967000023","VAC","9","0"
"Value Addition Course","","Science And Society","6967000015","VAC","6","0"
"Value Addition Course","","Sirjnatmak Lekhan Ke Aayam","6967000024","VAC","5","0"
"Value Addition Course","","Social And Emotional Learning","6967000016","VAC","12","0"
"Value Addition Course","","Swachh Bharat","6967000018","VAC","12","0"
"Value Addition Course","","The Art of Being Happy","6967001019","VAC","1","0"
"Value Addition Course","","The Art Of Being Happy","6967000019","VAC","9","0"
"Value Addition Course","","Tribes Of India","6967000028","VAC","3","0"
"Value Addition Course","","Tribes, of India","26967000028","VAC","1","0"
"Value Addition Course","","Vedic Mathematics - I","6967000020","VAC","8","0"
"Value Addition Course","","Vedic Mathematics - Ii","6967006001","VAC","7","0"
"Value Addition Course","","Vedic Mathematics - Iii","6967007001","VAC","1","0"
"Value Addition Course","","Vedic Mathematics - Iv","6967008001","VAC","4","0"
"Value Addition Course","","vt The Gita : Navigating Life","6967006032","VAC","1","0"
"Value Addition Course","","wilt, dept sit far","696700123","VAC","1","0"
"Value Addition Course","","Yoga: Philosophy And Practice","6967000021","VAC","10","0"